核验编号,混淆方向,text,label,label_cn,pred,pred_prob,prob_0,prob_1,prob_2,prob_3,prob_4,prob_5,LLM判定,LLM建议标签,LLM置信,LLM理由,LLM判定_修正
833,悲伤→愤怒,单位施工，搞得电信的宽带总线又故障了！,2,悲伤,3,0.999871,6.1818886e-05,7.208017e-07,6.5920554e-05,0.999871,1.38147405e-08,5.0878043e-07,标签错误,愤怒,中,吐槽施工致故障，含指责不满,标签错误
832,悲伤→愤怒,下地铁到AB楼之间应该标示不同的航空公司在哪个候机楼，然而没有；机场到达大厅没有标示，指示在大厅外有标示，来深圳的旅客不了解容易走冤枉路。,2,悲伤,3,0.999729,0.00014743504,2.621325e-06,0.00012068983,0.999729,4.2290043e-08,2.8969538e-07,标签错误,愤怒,中,批评机场标示缺失，不满指责,标签错误
831,悲伤→愤怒,深圳人民还在水暖火热之中，今天出门又黑两个度,2,悲伤,3,0.9995049,0.00037137952,8.272597e-07,0.00012210317,0.9995049,5.8438452e-08,7.7686735e-07,标签错误,愤怒,低,吐槽天气晒黑，偏无奈抱怨,标签错误
830,悲伤→愤怒,我受不了了！！！！,2,悲伤,3,0.99949217,0.00018144313,1.0848877e-06,0.00032488466,0.99949217,6.059106e-08,2.8959968e-07,边界模糊,悲伤,低,仅表受不了，情绪指向不明,边界模糊
828,悲伤→愤怒,做了一件超级傻逼的事。→_→→_→→_→,2,悲伤,3,0.99940884,0.00030132395,3.7206317e-07,0.0002891237,0.99940884,4.2021395e-09,2.8873143e-07,标签正确,悲伤,中,自嘲做傻事，内心懊恼难受,标签正确
827,悲伤→愤怒,这么多人住的大宿舍，真心不方便啊，天天都是惹人生气的大奇葩！,2,悲伤,3,0.99936754,7.678282e-05,9.505531e-07,0.0005546133,0.99936754,3.8043284e-09,1.01521e-07,标签错误,愤怒,中,抱怨奇葩舍友，生气指责,标签错误
826,悲伤→愤怒,菜刀曦曦:新闻联播能不能多说说？我真的不想拿命过年，也不想当离经叛道的小孩。 马瑞莲·焖肉:你爹你妈不听你的 他们听新闻联播的啊 结果新闻联播就是不说 马瑞莲·焖肉:为什么电视台不去报道疫区情况？不应该跟以前抗震救灾的时候一样全天追踪报道吗？看看封城以后武汉人民生活怎么样了 能不,2,悲伤,3,0.9993513,0.00022395136,1.4345329e-06,0.00042252147,0.9993513,1.3349604e-08,6.9963903e-07,标签错误,愤怒,中,质问新闻联播，强烈不满,标签错误
825,悲伤→愤怒,一到晚上就精神好，白天就是个死人，作息时间怎么都改不过来啊，，烦死了~~~,2,悲伤,3,0.999286,6.096587e-05,1.2956617e-06,0.0006515488,0.999286,1.9692957e-08,2.9972057e-07,标签正确,悲伤,中,作息改不过来，烦躁无奈,标签正确
819,悲伤→愤怒,是活见鬼了么我在家wifi的情况下关了移动数据的情况下我还走了近40M的流量...该如何解释这件事儿？哪怕是借口也行我都没想到个理由...,2,悲伤,3,0.9990846,9.399835e-05,2.0891907e-06,0.0008182447,0.9990846,3.0980726e-07,7.3602274e-07,标签正确,悲伤,低,流量异常困惑无奈，偏沮丧,标签正确
818,悲伤→愤怒,开个淘宝容易么，权健投诉我，安珂羽思又投诉我,2,悲伤,3,0.9989839,0.00041729855,2.6360185e-06,0.0005940646,0.9989839,9.607376e-08,1.986847e-06,标签正确,悲伤,中,开淘宝被投诉，无奈委屈,标签正确
816,悲伤→愤怒,为什么外面的雨那么大，吵得我根本就睡不着,2,悲伤,3,0.9988943,0.00014061204,2.5949325e-06,0.0009588135,0.9988943,2.427934e-08,3.7069235e-06,标签正确,悲伤,中,雨吵睡不着，无奈烦躁偏悲伤,标签正确
814,悲伤→愤怒,傻逼中的傻逼宝贝老子给欺负惨了,2,悲伤,3,0.9988807,0.00041301924,6.021754e-07,0.00070528686,0.9988807,3.274127e-09,3.1985473e-07,标签错误,愤怒,中,骂傻逼被欺负，主导愤怒,标签错误
810,悲伤→愤怒,上一次到上海，已经是七年前的事儿了，那时候咱又傻又嫩的搞电影活动，却被无情的上海斧头帮众歧视歧视再歧视。,2,悲伤,3,0.99874,0.00031770687,1.1262326e-06,0.0009409139,0.99874,1.271343e-08,2.157351e-07,标签正确,悲伤,中,回忆被歧视，失落哀叹,标签正确
786,悲伤→愤怒,长时期法律滞后，和时代严重脱轨，执法不严，选择性执法，积重难返啊。30多年了，《野生动物保护法》还是那个计划经济时期的东西。 网纹之吻:没错！ Excursionhiker:压根就不该吃。。检疫啥[费解][费解][费解],2,悲伤,3,0.99790937,0.00028027524,2.7240128e-06,0.0018071552,0.99790937,8.225581e-09,5.3889e-07,标签错误,愤怒,中,指责法律滞后执法不严,标签错误
771,悲伤→愤怒,虽说我也是个二胎的过来人了，但是在妇幼医院看到那些肥屁股，大肚子的孕友们在我眼前走来走去样子，我真的还是挺脑热的，未来的几个月，我的样子，要疯了,2,悲伤,3,0.9974827,0.00034026187,6.4504036e-07,0.002176008,0.9974827,1.8879062e-08,4.0184767e-07,标签正确,悲伤,中,担忧孕期样子，无奈焦虑偏悲伤,标签正确
761,悲伤→愤怒,[怒吼] [切] 没人约的日子是寂寞的 或许我应该出去几天 不然过几天或许我就压抑了 [抽耳光] [抽耳光] 下午差点憋得我抑郁症都出来了.....,2,悲伤,3,0.9970937,0.00061185466,1.884706e-06,0.0022850346,0.9970937,2.8548442e-07,7.3124065e-06,标签正确,悲伤,中,寂寞压抑，怕抑郁，悲伤,标签正确
752,悲伤→愤怒,移动也太坑爹了吧？中午无故发短信过来说还有190多流量，刚过半小时又发短信说超了十多兆，刚补100兆准备上网的，又发短信说超流量了。。。。。。。。人工服务也不接了。。。。伤透了,2,悲伤,3,0.9968233,0.00016538671,1.729582e-06,0.0030091193,0.9968233,1.28808e-07,3.07753e-07,标签错误,愤怒,高,指责移动坑爹，强烈不满,标签错误
747,悲伤→愤怒,谁能想到安徽人还要靠自己才能挤上热搜#恳请安徽政府宣传疫情防范#,2,悲伤,3,0.99659234,0.00090238376,4.088881e-06,0.0024979222,0.99659234,3.5760813e-08,3.1386287e-06,标签正确,悲伤,中,无奈自嘲，需靠自己，悲伤,标签正确
733,悲伤→愤怒,"这也是我滴现状,每天哄睡都是硬仗，看绘本，讲故事，唱歌，听故事，我都快睡着啦，那位还上串下跳，有时候直接一屁股坐我脸上不让我说话",2,悲伤,3,0.9961455,0.00048992335,6.2970236e-07,0.0033638494,0.9961455,2.1085942e-08,1.0603532e-07,标签正确,悲伤,低,哄睡疲惫无奈，偏悲伤,标签正确
725,悲伤→愤怒,有无一个不嫌弃肥的男人噶？？？？！,2,悲伤,3,0.99577785,0.0034203336,2.3632326e-06,0.00079763366,0.99577785,1.4120631e-08,1.7914394e-06,标签正确,悲伤,中,自嘲被嫌弃，失落委屈,标签正确
699,悲伤→愤怒,心cei的跟什么一样，超时答卷还不能保证正确率,2,悲伤,3,0.99467874,0.00051067123,2.5365366e-06,0.004802057,0.99467874,1.4175195e-08,6.0131765e-06,标签正确,悲伤,中,心碎无奈，偏悲伤,标签正确
695,悲伤→愤怒,我不想传播负能量，可我真心好烦躁,2,悲伤,3,0.9945491,0.0001359281,3.7019136e-06,0.0053106435,0.9945491,2.030308e-08,5.190275e-07,标签正确,悲伤,中,烦躁但自认负能量，偏悲伤,标签正确
667,悲伤→愤怒,嗓子疼的睡不着了真心烦，讨厌失眠,2,悲伤,3,0.99309796,0.00013242938,1.1619911e-05,0.006757069,0.99309796,5.0923417e-09,8.881863e-07,标签正确,悲伤,中,失眠烦躁，内心难受,标签正确
650,悲伤→愤怒,就想我是有多变态，生活里真的也只愿相信80后单纯孩子的说法，还不是搞姐弟恋的主儿。,2,悲伤,3,0.99225384,0.002113517,2.8666448e-06,0.0056288796,0.99225384,2.5680807e-08,9.3389514e-07,边界模糊,悲伤,低,自嘲无奈，情绪指向不明,边界模糊
643,悲伤→愤怒,老师你明明说的10点上课、结果你自己记成10点半不说、到点了还发信息说会迟到15分钟、你讨厌！！我今天那么困…,2,悲伤,3,0.9917932,0.00025005807,2.3727096e-06,0.007952465,0.9917932,2.055229e-08,1.8678929e-06,标签错误,愤怒,高,指责老师迟到，明显愤怒,标签错误
642,悲伤→愤怒,这一天在办公室做图做表的头快炸了,2,悲伤,3,0.99170774,0.0023105496,3.01582e-06,0.005976871,0.99170774,1.0997414e-06,6.83258e-07,标签正确,悲伤,中,头快炸了，疲惫无奈,标签正确
631,悲伤→愤怒,心塞心塞心塞塞！！！我怎么可以这么烦啊,2,悲伤,3,0.9911109,0.00021414302,3.6720112e-06,0.008670837,0.9911109,1.5897585e-08,4.07486e-07,标签正确,悲伤,中,心塞烦躁，内心难受,标签正确
617,悲伤→愤怒,整个人都不好了～来来回回还要多少次？还要做多少次无用功～～～漫长的丝绸路～～～何时是个头～？！此刻阴影面积100%～～～～,2,悲伤,3,0.99034053,0.0009555804,5.949405e-07,0.008702675,0.99034053,2.6656796e-08,5.799495e-07,标签正确,悲伤,高,无奈哀叹，何时到头,标签正确
607,悲伤→愤怒,老爹给我送钥匙在大马路奔跑样子，突然让我心有余悸，他平时是最注重交通规则的人，但为了我在马路跑了起来，为了我这不肖的女儿。,2,悲伤,3,0.98953,0.003115916,5.1661427e-06,0.0073409774,0.98953,1.0057075e-07,7.772906e-06,标签错误,恐惧,高,心有余悸，明显恐惧,标签错误
596,悲伤→愤怒,刚刚初恋找到我简直哔了狗了，，，他在武汉读重本,2,悲伤,3,0.9883731,0.0028112538,6.0688166e-07,0.008814227,0.9883731,3.338997e-07,3.9841893e-07,边界模糊,悲伤,低,哔了狗吐槽，情绪难判,边界模糊
593,悲伤→愤怒,早上因为提前一个小时醒了又一直没怎么睡着，所以闹钟想的时候我就各种发脾气又赖床，怎么都不起来，结果刘先生就去把我衣服拿来给我穿，我反正不动，他一会说什么“手往前钻一钻，穿不进去啦”，“这个衣服哪个是前面”。。我突然想起小时候我妈妈给我穿衣服的情景了，我想我妈妈了。。,2,悲伤,3,0.98799396,0.0037952496,2.4919423e-06,0.008191488,0.98799396,3.1466034e-06,1.364055e-05,标签正确,悲伤,中,发脾气赖床后思念妈妈，主导为思念悲伤,标签正确
591,悲伤→愤怒,宝宝哭闹到现在，麻麻完全没睡意，唯一可以堵住她的就是牛奶，可是你不能光吃不拉啊麻麻好捉急,2,悲伤,3,0.9876731,0.004743474,1.5418136e-06,0.007580906,0.9876731,4.232015e-08,8.7922723e-07,标签正确,悲伤,中,宝宝哭闹不睡，麻麻着急无奈,标签正确
583,悲伤→愤怒,送内裤就罢了，还是纸的，纸的就算了，还是蕾丝边的，蕾丝边也算了，还是。。。,2,悲伤,3,0.9866239,0.0029211643,1.6644633e-06,0.0104530435,0.9866239,4.1251333e-08,2.0126825e-07,边界模糊,悲伤,低,吐槽内裤，情绪信息不足难判定,边界模糊
581,悲伤→愤怒,两张图片。呵呵，猜到了。宁愿不这么聪明。是我自己自讨苦吃。蒙蔽了双眼。果然啊。呵呵，呵呵，还跟个傻逼似得相信别人。真相来的太早。,2,悲伤,3,0.9862612,0.0039959177,1.3314936e-06,0.00973603,0.9862612,2.8012803e-08,5.5399705e-06,标签正确,悲伤,高,被欺骗后自嘲失落，主导悲伤,标签正确
572,悲伤→愤怒,丫杈的老子终于感了去年入春以来的第一次冒= =犹记得去年我们宿舍的女人除了我都感冒了，我极其得瑟地把他们挨个笑话了一遍，然后两周后他们的感冒陆续好了，我一个人光荣的感冒了= =一感还感了近一个月啊卧槽！！,2,悲伤,3,0.9854374,0.0024337738,2.210703e-06,0.012125712,0.9854374,5.9331127e-09,8.144754e-07,标签正确,悲伤,中,感冒吐槽，无奈自嘲，主导悲伤,标签正确
567,悲伤→愤怒,不带这样的啊！,2,悲伤,3,0.9852262,0.010064248,2.7711415e-06,0.004695943,0.9852262,1.0066964e-05,7.943853e-07,边界模糊,悲伤,低,文本太短，无明确情绪信息,边界模糊
562,悲伤→愤怒,我是不是傻，傻到人家无所谓了，我还热脸贴人家冷屁股,2,悲伤,3,0.9848946,0.0077885753,1.9637257e-06,0.0073129954,0.9848946,1.4652702e-08,1.9183128e-06,标签正确,悲伤,高,自嘲热脸贴冷屁股，委屈失落,标签正确
545,悲伤→愤怒,是人祸，不是天灾。,2,悲伤,3,0.98173505,0.0033426022,3.7691036e-06,0.014863194,0.98173505,5.2970176e-05,2.4779229e-06,边界模糊,悲伤,低,文本太短，情绪信息不足,边界模糊
543,悲伤→愤怒,双十一的📦📦，就属圆通的最慢。。慢。。慢。。慢。。,2,悲伤,3,0.9816248,0.011175195,6.3062165e-05,0.0071284417,0.9816248,7.228213e-06,1.2452274e-06,标签正确,悲伤,中,吐槽快递慢，无奈烦躁偏悲伤,标签正确
532,悲伤→愤怒,我已经丑的我自己都看不下去了东北大妈啊,2,悲伤,3,0.98014325,0.011666989,2.588801e-06,0.008186646,0.98014325,6.8044197e-09,5.0820887e-07,标签正确,悲伤,中,自嘲丑，自我否定失落,标签正确
519,悲伤→愤怒,恨！恨自己学生时代没有再努力一点，进入名校，以至于现在各种受限制。恨自己不够aggressive的性格，一次次退缩，最终会沦为井底之蛙。恨自己没有勇气，去走已经在心中演绎过无数次的路。,2,悲伤,3,0.97715217,0.0018516156,2.8985983e-06,0.020981465,0.97715217,4.2929827e-08,1.1755827e-05,标签正确,悲伤,高,反复恨自己，实为自责懊悔失落,标签正确
498,悲伤→愤怒,20岁的人了，回家就和妈吵架，就因为一点生活习惯上，正常么～,2,悲伤,3,0.9719481,0.0031138186,1.350007e-06,0.024935495,0.9719481,4.423892e-07,8.756108e-07,边界模糊,悲伤,低,吵架后无奈自问，情绪信息不足,边界模糊
497,悲伤→愤怒,这个周没有消停的日子！备课讲课写教案，无限循环不停歇…,2,悲伤,3,0.97182626,0.026424596,0.0003707686,0.0013640877,0.97182626,2.4182475e-07,1.4083779e-05,标签正确,悲伤,中,吐槽劳累循环，侧重无奈疲惫,标签正确
481,悲伤→愤怒,你骗了我你答应我的全都没做到最后还逼着我非要口是心非的折磨自己才罢休,2,悲伤,3,0.9679822,0.0016934354,3.8291037e-06,0.030318664,0.9679822,2.5063809e-08,1.8553314e-06,标签错误,愤怒,中,指责对方欺骗逼迫，愤怒主导,标签错误
475,悲伤→愤怒,n次的无领导小组讨论，就没这么失败过,2,悲伤,3,0.96617436,0.0017109279,8.500554e-06,0.03210495,0.96617436,2.2387487e-08,1.1267683e-06,标签正确,悲伤,中,屡次失败，侧重沮丧失落,标签正确
472,悲伤→愤怒,熟悉我的朋友都应该知道吧？个人比较钟情于数字22，尤其是2月22日这一天，原因我就不具体说明啦。刚手贱去瞅2016年的2月22日，天啦撸，竟然是正月十五，还是个星期一。更不能忍的是，下学期就是2月22日正式上课！,2,悲伤,3,0.9653796,0.0012627738,3.0102626e-06,0.03335411,0.9653796,2.785469e-08,4.9782125e-07,标签错误,悲伤,低,吐槽开学日期，实为无奈调侃,边界模糊
461,悲伤→愤怒,太让人反感了！对于我这种寝室宅，简直是过不下去的节奏！不开心,2,悲伤,3,0.9619127,0.0003956065,4.2837924e-06,0.037686918,0.9619127,1.9371367e-08,4.6889215e-07,标签错误,愤怒,中,太让人反感，指责外部强烈不满,标签错误
436,悲伤→愤怒,我想知道留学党每天和家里通电话这个要求很高吗、为什么别人爸妈都是追着喊着要每天通电话、而我的爸妈继过年不允许我回国后、连通个电话都那么高冷,2,悲伤,3,0.95267195,0.00033356977,1.3388211e-05,0.046980236,0.95267195,2.3429222e-07,5.448475e-07,标签正确,悲伤,中,父母高冷，委屈失落主导,标签正确
430,悲伤→愤怒,麻个鸡我好不容易爬起来来个图书馆结果咳嗽一直停不下来考研狗们不要来打我,2,悲伤,3,0.9503279,0.0010273897,3.4991876e-06,0.048639514,0.9503279,7.461662e-07,9.1903246e-07,标签正确,悲伤,中,咳嗽不停，吐槽倒霉无奈,标签正确
424,悲伤→愤怒,#全国确诊新型肺炎病例##新型冠状病毒感染的肺炎已确诊571例 死亡17例#政府反应慢了！武汉周边城市的响应措施太不到位！春节后估计会出现新一轮的爆发！请多关注一下武汉周边县市的居民，那里人民意识薄弱，这才是要命的啊！ ??,2,悲伤,3,0.9475179,0.0041833725,1.2535134e-05,0.048233256,0.9475179,4.5426944e-07,5.253075e-05,标签错误,愤怒,高,指责政府反应慢措施不到位,标签错误
396,悲伤→愤怒,舍友们都钻进了温暖的被窝，甚至发出了均匀而满足的鼾声，只有我，还坐在凳子上忍受冷风吹。别问我为什么，上床还要脱衣服,2,悲伤,3,0.9343537,0.0011052988,1.3951619e-05,0.06452487,0.9343537,1.8857412e-07,1.9839301e-06,标签正确,悲伤,中,独坐受冷，他人温暖，失落无奈,标签正确
389,悲伤→愤怒,我实在是无语，前天充的100块，今天就只剩3块了，可能是才耍IPHONE，耍得有点过了，我想问下各位移动用户的上网套餐是啷个回事~~~~~~[抓狂],2,悲伤,3,0.93223506,0.0006284619,1.6763657e-06,0.067134075,0.93223506,1.9027494e-08,7.855559e-07,标签错误,愤怒,中,吐槽话费，抓狂指责运营商,标签错误
385,悲伤→愤怒,其实，殊不知，在踏入这个音乐领域前，姐也曾正常过啊，音乐毁人啊！,2,悲伤,3,0.9268696,0.012449557,3.107546e-06,0.060676243,0.9268696,2.5404828e-08,1.525553e-06,边界模糊,悲伤,低,自嘲音乐毁人，情绪难定,边界模糊
375,悲伤→愤怒,真心真的可以搜出来吗？你之后，我已不再相信爱情了。真是可笑,2,悲伤,3,0.91902,0.0020837,4.839873e-06,0.07889085,0.91902,7.4845474e-08,5.1745474e-07,标签正确,悲伤,高,不再信爱情，失落哀叹,标签正确
370,悲伤→愤怒,"两马各拉一货车：一马走得快；一马慢吞吞；于是主人把后面的货全搬到前面……后面的马笑了。“切；越努力越遭折磨。”谁知主人后来想；既然一匹马就能拉车,干嘛养两匹，最后懒马被宰掉吃了……这就是经济学中的懒马效应、——让老板觉得你可有可无：你被踢开的日子就不远了……",2,悲伤,3,0.916788,0.01384344,6.295065e-06,0.06934679,0.916788,2.7929707e-08,1.5467682e-05,边界模糊,悲伤,低,寓言说理，无明显情绪,边界模糊
369,悲伤→愤怒,感慨现在寺庙的在传播佛法的作用越来越差，只迷信自己的上师，没有质疑，脱离社会现状，反而阻碍了佛法的传播。,2,悲伤,3,0.9161366,0.0012682939,1.8178442e-05,0.08257122,0.9161366,2.9024835e-07,5.402693e-06,标签错误,愤怒,中,批评寺庙传播佛法差,标签错误
368,悲伤→愤怒,来去之间:[衰]“管轶：我21日到达，下午到了当地的一个菜市场，市场地上是潮湿的，卫生状态十分恶劣，通风设备也很差，市场里民众只有不到10%的人戴口罩。此后，我又见了一些当地部门，到了晚上我判断，疫情在武汉已经无法控制了，就连我这种也算“身经百战”的人都要当逃兵，于是赶紧定了22日的出,2,悲伤,3,0.91537386,0.011707279,7.1875926e-05,0.0417235,0.91537386,0.031097475,2.5966749e-05,标签错误,恐惧,中,疫情无法控制，恐慌当逃兵,标签错误
367,悲伤→愤怒,[咬手帕] 我疯完了!!!!!!!!!!!!!!!!!!!!!!,2,悲伤,3,0.9149134,0.033826336,2.2875874e-06,0.05124799,0.9149134,2.7384583e-06,7.168055e-06,边界模糊,悲伤,低,文本太短，情绪不明,边界模糊
365,悲伤→愤怒,然功不能自存。而威不能自守：非贫弱也、乃道德不存乎身！仁义不加於下也。,2,悲伤,3,0.9132047,0.040913783,3.9763112e-05,0.045825385,0.9132047,1.9306994e-07,1.6175965e-05,边界模糊,悲伤,低,文言说理，无情绪信息,边界模糊
355,悲伤→愤怒,现在10点5分了！,2,悲伤,3,0.9079876,0.061522234,3.7226273e-06,0.030453699,0.9079876,8.122425e-06,2.459987e-05,边界模糊,悲伤,低,仅报时间，无情绪,边界模糊
346,悲伤→愤怒,北京北京无数个傻瓜忘了流泪也忘了回家。,2,悲伤,3,0.9004687,0.0028246224,6.4414835e-06,0.09669708,0.9004687,9.75851e-09,3.0755036e-06,标签正确,悲伤,中,歌词式哀叹，主导为悲伤失落,标签正确
342,悲伤→愤怒,评论不了，我佳音阿姨好像拉黑我了不嗨森，我先睡觉明天炸你,2,悲伤,3,0.89813167,0.025409777,1.1475752e-05,0.076440565,0.89813167,1.0148078e-06,5.584989e-06,标签正确,悲伤,中,被拉黑不嗨森，失落难过,标签正确
334,悲伤→愤怒,为什么我是个女的whywhywhy？！！！！我选狗带我狗带还不行吗,2,悲伤,3,0.89310086,0.0010669355,1.9504414e-06,0.105829954,0.89310086,1.8086263e-08,3.2263273e-07,标签正确,悲伤,中,自我否定崩溃，无奈悲伤,标签正确
331,悲伤→愤怒,这个陪伴着我度过了整个大一的游戏最后倒闭了。感谢你给我带来的欢乐，感谢你在我寂寞无聊的时候陪伴着我，感谢你让我认识了更多的朋友。是时候说再见了，希望以后不要再出这么坑钱的游戏了。,2,悲伤,3,0.8916204,0.0006307611,0.0030167426,0.10472604,0.8916204,2.7858393e-06,3.2533344e-06,标签正确,悲伤,高,游戏倒闭告别，感激中主为悲伤,标签正确
323,悲伤→愤怒,近期也真的是忙到累到想拿块豆腐撞死,2,悲伤,3,0.88543427,0.0012543777,9.025796e-06,0.11330095,0.88543427,2.1930717e-08,1.3389881e-06,标签正确,悲伤,中,累到想撞死，无奈沮丧,标签正确
316,悲伤→愤怒,国家煤球好啊节能又环保啊..天天生着玩啊就是生不着啊一天好几遍啊拿它当活干啊饭也吃不好啊觉也睡不着啊百姓愁的嚎啊熏死人不少啊,2,悲伤,3,0.8769985,0.0012603818,5.7651337e-06,0.12172771,0.8769985,7.94481e-09,7.641597e-06,标签正确,悲伤,中,煤球吐槽，百姓愁苦哀叹,标签正确
312,悲伤→愤怒,你把她还给我！！！！！！！,2,悲伤,3,0.8752221,0.01830003,7.5471116e-06,0.10646048,0.8752221,1.3671757e-06,8.551917e-06,标签正确,悲伤,中,呼喊还人，悲痛绝望,标签正确
308,悲伤→愤怒,抽了我三管子血，我得吃多少好吃得才能补回来！,2,悲伤,3,0.8706646,0.0009698844,1.2467233e-06,0.12836291,0.8706646,1.1512296e-08,1.390449e-06,标签正确,悲伤,低,抽血吐槽，无奈自怜,标签正确
304,悲伤→愤怒,听着梅梅的女儿叫我妈妈，我真的崩溃了，再也忍不住了，真的恨你,2,悲伤,3,0.8665477,0.0039504524,3.6796162e-06,0.12949595,0.8665477,7.788198e-09,2.202085e-06,标签正确,悲伤,中,崩溃忍不住，恨中含悲,标签正确
291,悲伤→愤怒,休息一天比上班还累，这一天可折腾死宝宝了,2,悲伤,3,0.8573293,0.0011437808,9.709306e-06,0.14151175,0.8573293,1.5594617e-08,5.3765357e-06,标签正确,悲伤,中,折腾累，吐槽无奈沮丧,标签正确
281,悲伤→愤怒,跟城建社联部的部长聊了策划怎么修改，又聊到了我很忙，最后我们竟然比起来谁的课多。。。,2,悲伤,3,0.845548,0.0016106585,2.429108e-05,0.15281051,0.845548,2.9223203e-08,6.5944187e-06,边界模糊,悲伤,低,闲聊吐槽，无明显情绪,边界模糊
280,悲伤→愤怒,烟都戒的了，就不能吗？,2,悲伤,3,0.8427675,0.0028597717,3.2810663e-06,0.1543678,0.8427675,3.500405e-07,1.2960044e-06,边界模糊,悲伤,低,反问句，情绪信息不足,边界模糊
276,悲伤→愤怒,女生打呼噜的威力并不比男生小，困死了,2,悲伤,3,0.8346043,0.0010733852,8.17539e-06,0.16431206,0.8346043,4.696581e-08,1.9609076e-06,边界模糊,悲伤,低,吐槽困，无明确情绪,边界模糊
268,悲伤→愤怒,主要危害水稻、小麦、棉花等作物。,2,悲伤,3,0.8289623,0.031137645,0.00010765119,0.057733633,0.8289623,0.08193896,0.000119871824,边界模糊,悲伤,低,陈述事实，无情绪,边界模糊
247,悲伤→愤怒,看着镜子里白白胖胖的自己，我忽然想到了小时候看过的一部动画片—《人参娃娃》，忍不住唱起来：“小种子，快发芽，长绿叶呀开红花～”。真的不能再胖下去了！,2,悲伤,3,0.8045728,0.17993608,6.6567745e-06,0.015453613,0.8045728,5.427008e-09,3.083494e-05,标签正确,悲伤,中,自嘲胖，无奈失落,标签正确
238,悲伤→愤怒,呵呵呵呵呵呵回家要把taylor这个单词抄一百遍，妈蛋居然考试忘了怎么写呵呵呵呵呵呵拜拜拜拜拜拜白白没了5分有种beat裂的感觉,2,悲伤,3,0.79008394,0.013402841,1.2314952e-05,0.19649908,0.79008394,2.9916002e-08,1.832641e-06,标签正确,悲伤,中,丢分懊恼，内心难受,标签正确
233,悲伤→愤怒,比菜下锅发现没盐更加尴尬的事情怕就只剩下蹲坑没纸了！虽然两者放一起比较不是很门当户对,2,悲伤,3,0.78729695,0.017689915,3.2631346e-05,0.062826246,0.78729695,0.1320392,0.00011500034,边界模糊,悲伤,低,吐槽尴尬，无主导情绪,边界模糊
231,悲伤→愤怒,睡过头了，古代文学课没上，平时分没了。,2,悲伤,3,0.7859024,0.027360054,6.074894e-05,0.1664769,0.7859024,2.6369341e-06,0.020197285,标签正确,悲伤,中,丢平时分，失落无奈,标签正确
226,悲伤→愤怒,让你们担心。,2,悲伤,3,0.7836048,0.02905469,7.653913e-05,0.18720017,0.7836048,1.2981023e-06,6.242761e-05,边界模糊,悲伤,低,文本太短，无法判定,边界模糊
225,悲伤→愤怒,希望我在想你的时候有人能看穿我然后扇我一耳光醒醒别做梦了,2,悲伤,3,0.7828833,0.014970996,2.562179e-06,0.2021379,0.7828833,4.5147578e-07,4.807275e-06,标签正确,悲伤,中,自嘲单恋，失落无奈,标签正确
224,悲伤→愤怒,停水一天，刷牙洗脸用喝的纯净水，洗澡不行，我等到水来了就洗澡，刚洗完，这水要是不来明天我不出门了！嗯，睡觉吧！,2,悲伤,3,0.7814693,0.013802034,3.7668465e-06,0.20472153,0.7814693,1.4240754e-06,1.9377105e-06,标签正确,悲伤,中,停水带来无奈与不便，主导为受挫无奈,标签正确
222,悲伤→愤怒,心塞睡不着，好像发烧了，辞职这么久了，回想起来对那个地方谈不上留恋，但也谈不上痛恨，真心不知道那个碧池为什么要用我做挡箭牌，好心塞，还是太容易相信别人了,2,悲伤,3,0.7771691,0.0032353231,9.524303e-06,0.21958388,0.7771691,2.8891305e-08,2.1636567e-06,标签正确,悲伤,高,心塞失眠，回想被利用，失落委屈,标签正确
219,悲伤→愤怒,厦门今年是要热到什么时候，都快十二月份了,2,悲伤,3,0.7756415,0.002502356,2.1006937e-05,0.22179097,0.7756415,2.4841647e-06,4.1685948e-05,标签正确,悲伤,低,抱怨天气热，情绪弱，偏无奈,标签正确
217,悲伤→愤怒,底层政府枉顾民生，把希望寄托在高层，无奈六年上访的结果迎来的是滚滚车轮，还是普交。,2,悲伤,3,0.7739204,0.0019192189,5.0704352e-06,0.2241519,0.7739204,4.6281542e-08,3.3131776e-06,标签错误,愤怒,中,指责政府枉顾民生，愤怒不满,标签错误
211,悲伤→愤怒,赚钱真不容易，不过好歹是张长期饭票，种下希望就会收获吧话说，你个短腿浪到现在正经看过大帝交代的几本书了吗？！,2,悲伤,3,0.76454586,0.22694185,2.236845e-06,0.008497584,0.76454586,1.5304555e-07,1.23365535e-05,边界模糊,悲伤,低,赚钱不易无奈，又调侃他人，主次难分,边界模糊
190,悲伤→愤怒,行行好，高抬贵手。,2,悲伤,3,0.73786455,0.1844074,2.2393555e-05,0.07769022,0.73786455,4.972223e-07,1.4981265e-05,边界模糊,悲伤,低,文本太短，仅恳求，无明确情绪,边界模糊
180,悲伤→愤怒,讨厌看牙医啊啊啊!!!!!!!!!!!!!,2,悲伤,3,0.72419995,0.0021563307,5.0923973e-06,0.2736353,0.72419995,2.0515608e-07,3.0670647e-06,标签错误,恐惧,中,讨厌看牙医，含害怕紧张，非悲伤,标签错误
173,悲伤→愤怒,[摊手][摊手][摊手],2,悲伤,3,0.7101699,0.10819755,3.2585776e-05,0.1815842,0.7101699,1.4274082e-06,1.4331869e-05,边界模糊,悲伤,低,仅表情符号，无情绪信息,边界模糊
169,悲伤→愤怒,出门在外的游子最想念的只怕是妈妈的味道了，这个我完全没感觉…因为家里老爸做饭很好吃，老妈做饭属于只看颜色类型的，她会炫耀的说看炒的多好看，至于牛肉饭里加黄瓜番茄炒蛋加水我都懒得说…不吃她还会生气…一个多月没吃过一顿正经饭，现在只想找人跟我一起吃顿火锅，我请！,2,悲伤,3,0.7046119,0.0076495754,2.845399e-05,0.287709,0.7046119,2.3472582e-07,8.731266e-07,标签正确,悲伤,中,想念家常饭，孤独失落，想找人吃饭,标签正确
164,悲伤→愤怒,这两天要死了，大作业大作业大作业，材料材料材料，一星期写的东西赶上了去年一学期写的,2,悲伤,3,0.69914854,0.0006603976,1.0132421e-05,0.3001793,0.69914854,4.5975472e-08,1.5222257e-06,标签错误,焦虑,中,作业材料压力大，烦躁焦虑,标签错误
158,悲伤→愤怒,分享新鲜事：早出门，遇着凉闹肚子小鸟🐦一只，汤水准准滴掉眼镜上了，回头看了一眼树上的犯罪分子，好吧，我的羽绒服确实比它的厚。到单位，看见有史以来最丑包裹，依然，请问：你是从哪个村发来的。,2,悲伤,3,0.6927777,0.15155558,3.2187116e-05,0.15560111,0.6927777,9.536713e-06,2.3852279e-05,标签正确,悲伤,中,吐槽倒霉事，无奈自嘲，主导为悲伤,标签正确
153,悲伤→愤怒,可谓叫天不应，叫地不灵。,2,悲伤,3,0.6844702,0.0028542308,4.571333e-06,0.31266746,0.6844702,1.3699516e-08,3.5215712e-06,标签正确,悲伤,高,叫天不应叫地不灵，绝望无奈,标签正确
150,悲伤→愤怒,首先向一线的医护人员致敬[给你小心心]辛苦了。然后接下来要说的话如果冒犯我真的没有港怼洗地的意思。可能是语言组织错误还请体谅一下。#武汉要求全市在公共场合佩戴口罩# 这几天真的负能量爆棚，很多同学都一样，战战兢兢，在家里一点咳嗽流鼻涕都感到十分慌张。我知道很多人觉得武汉这次特别特别过分，疾控防御不到位，宣传晚了，比不上北上广的应对措施。但是当职的更多是中年人而刷微博的大多数是年轻人，我们年轻人看到自己的引以为傲的家乡一直在被别人不断责骂心里是真的特别特别特别难过[失望]不是说武汉人都是喷子，大家怼封城我们就不乐意要反喷，我们大部分也知道现在最好的情况就是不出不进[跪了]可是看到好多人就说忍不住要对武汉地域黑的时候我们年轻市民心里真的很不好受，相信大家也很惊慌所以都很急[悲伤]可是我们本地人更慌啊，我们大部分市民真的做到了不到处乱跑，没事绝对不出门，出门绝对戴口罩，没有人想病，大街上没几个人，碰到的人几乎全都戴着口罩，城市像鬼城[跪了]我们也知道这是我们政府初期不够重视，但是每当我们打开微博看到有一些不太好的语言散播过来的时候内心就是不断的恐慌+难过[跪了]。在这里真的为一些到处乱跑不嫌事大的市民增加国民的恐慌甚至不戴口罩感到对大家十分抱歉[失望]。我们大多数人没事不会乱跑的。虽然我的话语微不足道，但是希望大家对我们能够多一些善意[给你小心心]其实从最开始官方就报道了并且一直在跟进报道当时就说了要防御不要去人多的地方只不过说了可防可控就大多数人都没有注意，大家也知道zf确实有很大的责任还有很多很多错误还有这个万人宴什么的我们大多数人也觉得很离谱[跪了]。但是部署决策应急策略的什么的也都是需要时间研究药物我们国家的行动效率已经很快了，希望大家对国家政府多一点体谅，必然有这么行动的原因。只是想到什么说了什么，我一开始以为只是我一个人玻璃心后来发现好多同学都有同感大半夜的有些心酸才忍不住说一下[跪了]如有冒犯还望原谅,2,悲伤,3,0.6833539,0.22140366,0.00061898975,0.094568536,0.6833539,7.0053347e-06,4.7949812e-05,标签正确,悲伤,高,恐慌难过心酸，主导悲伤,标签正确
149,悲伤→愤怒,明后两天的初试百多号人的名单里.....只有上海交大、复旦和伦敦政经的童鞋.....只有俺一个公共管理类专业.....这.....不是摆明了去做炮灰么.....,2,悲伤,3,0.6829966,0.026949165,4.685333e-05,0.28998405,0.6829966,6.3876796e-06,1.7012317e-05,标签正确,悲伤,中,自嘲做炮灰，失落无奈,标签正确
146,悲伤→愤怒,刚刚刷牙发现今天打扫房间的阿姨把你给我买的牙膏扔了阿姨！那是我的定情信物你知道吗晚安好累啊,2,悲伤,3,0.68052155,0.0031889456,8.582165e-06,0.3162794,0.68052155,8.855393e-08,1.4488356e-06,标签正确,悲伤,中,定情信物被扔，难过疲惫,标签正确
141,悲伤→愤怒,我真是要哭死了，诛仙里baby竟不演陆雪琪了，我也特么的醉了！踏马的,2,悲伤,3,0.6752947,0.00229006,1.39007825e-05,0.32239762,0.6752947,8.6056093e-07,2.8698994e-06,标签错误,愤怒,中,要哭死了加骂人，愤怒主导,标签错误
137,悲伤→愤怒,快被蚊子咬死了。不知道这一躺下，什么时候又被咬起来了。,2,悲伤,3,0.67239785,0.00093555916,7.756948e-07,0.326664,0.67239785,3.2462543e-07,1.4877576e-06,标签正确,悲伤,中,被蚊子咬，烦躁无奈偏悲伤,标签正确
131,悲伤→愤怒,我的脸盲症又加重了，这是一种基因突变遗传缺陷。回家路上堵着一辆车一动不动，司机路边打电话理也不理，战战兢兢擦着他车边上开过去，看到他前面撞了一辆电动车，骂了声让你显摆，活该你。回到家才发现那人是我家对门女婿，他可是天天来啊！从他家里出来我认识他，在任何地方看到我都不会认识他。,2,悲伤,3,0.6609006,0.047291033,0.00015179497,0.29125625,0.6609006,2.0129492e-05,0.0003801722,标签正确,悲伤,低,脸盲无奈，骂人后自嘲，偏悲伤,标签正确
127,悲伤→愤怒,最近空气质量是又变差了吗？本宝宝的脸上又起小红点了,2,悲伤,3,0.6551412,0.0060547246,5.3110607e-06,0.33879834,0.6551412,3.6752272e-08,3.6026455e-07,标签正确,悲伤,中,空气质量差起红点，无奈沮丧,标签正确
126,悲伤→愤怒,我感觉出，也感觉到了/[猪头],2,悲伤,3,0.65477777,0.0050709466,9.019862e-06,0.33992165,0.65477777,0.00021890295,1.6967708e-06,边界模糊,悲伤,低,文本太短，情绪信息不足,边界模糊
124,悲伤→愤怒,上完厕所，躺在床上，躲在窝里，思考下人生……额……要不要再去上个厕所呢？去？不去？去？不去？去？不去？……额……还是去吧！然后！尼玛……一点了,2,悲伤,3,0.6508574,0.003229841,2.272727e-06,0.34590453,0.6508574,2.1277385e-06,3.848852e-06,边界模糊,焦虑,低,纠结去不去厕所，无明确情绪,边界模糊
114,悲伤→愤怒,这破哈伦裤我穿要卡起的啊！！！,2,悲伤,3,0.63549393,0.06682219,5.0638723e-06,0.29767227,0.63549393,1.9434532e-07,6.2951885e-06,标签错误,愤怒,中,吐槽裤子卡裆，带指责语气,标签错误
107,悲伤→愤怒,为了大家的健康，今儿个做了个大恶人，开罪你们啦（烟民兄弟包括总经理和最大的老板）〈对给你们带来的不便12万分对不起〉[做鬼臉] [害羞],2,悲伤,3,0.6265723,0.021837655,4.621676e-05,0.3514899,0.6265723,4.9199312e-05,4.699503e-06,标签错误,感激,低,道歉为主，非悲伤,标签错误
100,悲伤→愤怒,最讨厌别人冤枉我了，一两次忍了，可我再也无话可说,2,悲伤,3,0.6188145,0.0018438603,1.0990884e-05,0.3793293,0.6188145,8.192148e-08,1.2655358e-06,标签错误,愤怒,中,讨厌被冤枉，含指责不满,标签错误
98,悲伤→愤怒,心痛疾首 可是有什么用呢 中国人不知道吸取教训 无事永远是太平 这是种劣根性还是什么 无语 什么时候人人都能过度的对疫情做出反应 或许一例一例的病情会少一些吧[跪了] ??,2,悲伤,3,0.61526006,0.0037560607,6.5857325e-06,0.38096696,0.61526006,1.5781961e-06,8.742169e-06,标签正确,悲伤,中,心痛无奈哀叹国人劣根性,标签正确
95,悲伤→愤怒,又到了每晚一遍大声放歌一遍骂娘一边写作业的时候了，今天还多了两个猫，我们在骂娘，猫在阳台把装湿粮的盘子舔得chuachua响吃干粮bia唧bia唧，屋外还在下雨，和谐的一晚＝w＝,2,悲伤,3,0.60822576,0.20939183,3.7843986e-06,0.18237077,0.60822576,1.7669165e-06,6.0575703e-06,标签错误,开心,中,和谐一晚，氛围轻松愉快,标签错误
94,悲伤→愤怒,话说家里隔音好像不太好呢……。我怎么能听到隔壁家的鼾声……,2,悲伤,3,0.6077161,0.0036465,8.014553e-06,0.38861683,0.6077161,6.9837206e-06,5.52765e-06,边界模糊,焦虑,低,仅陈述隔音差，无情绪,边界模糊
88,悲伤→愤怒,众明星都到了，某人还打电话来诱惑我去参加酒会，我却得赶路，怎么办，好像看看章子怡和胡夏！,2,悲伤,3,0.602613,0.3952051,2.4095873e-06,0.002162987,0.602613,3.6461452e-06,1.2926338e-05,标签错误,焦虑,中,纠结赶路与酒会，焦灼,标签错误
87,悲伤→愤怒,我也真是醉了，大半夜的，我打电话都能拨错号码了，真是扰了人家的好梦，罪过啊,2,悲伤,3,0.6014199,0.0021025797,1.0122996e-05,0.39646536,0.6014199,9.5903026e-08,1.8971815e-06,标签正确,悲伤,低,自责扰人好梦，无奈懊恼,标签正确
86,悲伤→愤怒,家长无奈，那么国家教育不该缺位。,2,悲伤,3,0.6007502,0.0032882548,1.4897614e-05,0.39594218,0.6007502,1.4317251e-07,4.3138084e-06,标签正确,悲伤,中,家长无奈，哀叹教育缺位,标签正确
84,悲伤→愤怒,我刚才确实是想睡来着但我发现我妈无线网还没给我关掉她每次到点都会切断电源逼我睡觉所以今晚这个机会我不能轻易放过我决定看会电视反正我这一头拉屎要撩的头发也还湿漉漉的没干透我一直不舒服是因为今晚解放军蜀黍给我打电话的时候我把小情绪撒他身上了他没有错我太矫情抱歉,2,悲伤,3,0.6002437,0.0031749285,0.0001223682,0.39645246,0.6002437,4.0029062e-07,6.108458e-06,标签正确,悲伤,中,自责矫情抱歉，主导为内疚悲伤,标签正确
61,悲伤→愤怒,外国学校放假学生都去玩，我们只是换个地方写作业,2,悲伤,3,0.5684958,0.005429749,3.0117392e-06,0.42607003,0.5684958,6.353872e-08,1.3213661e-06,标签正确,悲伤,中,对比落差，无奈失落,标签正确
60,悲伤→愤怒,空屋啊啊啊啊啊！！！！！！！！,2,悲伤,3,0.56844556,0.0036309715,6.2476643e-06,0.42791405,0.56844556,8.100927e-07,2.3269884e-06,边界模糊,悲伤,低,仅喊空屋，情绪信息不足,边界模糊
59,悲伤→愤怒,吾日三省吾身：矫什么情，发什么愁，装什么逼,2,悲伤,3,0.5674445,0.019263308,2.6442262e-06,0.4132879,0.5674445,5.4462554e-09,1.6155508e-06,标签正确,悲伤,中,自省矫情发愁，无奈自嘲,标签正确
56,悲伤→愤怒,这几年我是不是考运都不好啊，要考初级了嘛，正好被入党写报告耽搁了，要考证券了嘛，正好和开题答辩那一天重了，我该怎么办啊，日了🐶了,2,悲伤,3,0.56607753,0.00083675305,2.6509852e-06,0.43307012,0.56607753,1.1350066e-05,1.6029554e-06,标签正确,悲伤,中,考运差无奈，焦虑悲伤交织,标签正确
48,悲伤→愤怒,这睡眠状态！！！原来失眠是会传染的,2,悲伤,3,0.5556182,0.0048123994,3.1842326e-05,0.43667114,0.5556182,1.6513202e-05,0.002849927,标签正确,悲伤,中,失眠传染，无奈哀叹,标签正确
42,悲伤→愤怒,我好怀念以前的好睡眠！！！最近天天睡不着是搞什么鬼！中午特别困，结果爬上床死活睡不着，一直强迫自己闭著眼睛，结果还是徒劳。晚上更是睡不着，一点困意都没有！再这样下去要发疯了！！！,2,悲伤,3,0.5483739,0.0014354131,5.0599497e-06,0.45017478,0.5483739,3.8968547e-08,1.0823051e-05,标签正确,悲伤,中,失眠痛苦，无奈将崩溃,标签正确
33,悲伤→愤怒,在我一个人的时候居然接到软电话了……我真的受到了一万点伤害,2,悲伤,3,0.53721285,0.003703777,4.005987e-05,0.45898348,0.53721285,5.825853e-05,1.5386171e-06,标签正确,悲伤,中,受伤害，失落难过,标签正确
32,悲伤→愤怒,救救武汉吧，受不了了泪奔，一群孩子穿上大人衣服学着救人 请官方不要瞒报谎报耽误病情，求求武汉zf了[泪][泪][泪][泪],2,悲伤,3,0.5369885,0.0028682407,0.000190483,0.44085494,0.5369885,0.01907748,2.0297406e-05,标签正确,悲伤,高,泪奔求救，悲痛哀伤,标签正确
30,悲伤→愤怒,"靠,我都被我自己感动了!!!",2,悲伤,3,0.5362843,0.10665618,5.7366233e-06,0.35703537,0.5362843,9.927303e-06,8.449976e-06,标签错误,开心,中,被自己感动，实为自豪喜悦,标签错误
27,悲伤→愤怒,睡室到處充斥著那幫兔崽子大腳丫的酸爽！,2,悲伤,3,0.5291013,0.007284328,4.087168e-06,0.4636007,0.5291013,1.6753823e-07,9.414433e-06,标签错误,愤怒,中,吐槽室友脚臭，含指责厌恶,标签错误
25,悲伤→愤怒,。。。。还想着可以跟宝宝玩，，居然没来憋理我心情不美丽！！！,2,悲伤,3,0.5255674,0.0035582567,9.475368e-06,0.4708634,0.5255674,3.1624143e-08,1.4505969e-06,标签正确,悲伤,中,被冷落心情不美丽，失落,标签正确
22,悲伤→愤怒,豆…走好！我永远会记得你对我笑，对我爱理不理但又向我伸手的二货样！,2,悲伤,3,0.5201914,0.020841053,5.969505e-06,0.4589598,0.5201914,3.955682e-07,1.398858e-06,标签正确,悲伤,高,悼念宠物，哀伤不舍,标签正确
21,悲伤→愤怒,昨天有事情给小伙伴留言，居然三点半回复。三点半。半夜三点半。工作到半夜三点半。疯了。好勤奋。不过身体也很重要，可能早睡早起会更好,2,悲伤,3,0.5169289,0.029055264,8.483876e-06,0.45399645,0.5169289,2.7496253e-07,1.05371e-05,边界模糊,焦虑,低,吐槽加班，无奈与担忧混杂,边界模糊
19,悲伤→愤怒,广州已经第三次入冬失败，又要三十度的节奏,2,悲伤,3,0.51539856,0.0010465829,2.0889658e-05,0.48351756,0.51539856,7.40875e-06,9.037001e-06,边界模糊,悲伤,低,调侃天气，情绪信息弱,边界模糊
14,悲伤→愤怒,整复科的石膏永远打不完，让我无所事事的待一早上把！！！,2,悲伤,3,0.50789994,0.0021373066,5.9836693e-06,0.48994923,0.50789994,3.8035967e-08,7.507042e-06,标签错误,愤怒,中,抱怨工作，烦躁指责,标签错误
11,悲伤→愤怒,每天晚上8点多睡，早上4点多醒我的内心其实是崩溃的！,2,悲伤,3,0.48217335,0.0064374595,0.00012239181,0.42113188,0.48217335,7.353488e-08,0.09013484,标签正确,悲伤,中,作息崩溃，内心难受,标签正确
9,悲伤→愤怒,我都洗漱准备睡觉了，有人按门铃，快递到了。,2,悲伤,3,0.43454006,0.2818475,8.4076375e-05,0.008299782,0.43454006,0.26253116,0.012697461,边界模糊,愤怒,低,陈述被打扰，情绪不明显,边界模糊
6,悲伤→愤怒,你小心翼翼战战兢兢想要保护的在他眼里一文不名。,2,悲伤,3,0.3976258,0.24245888,3.184594e-05,0.34320137,0.3976258,0.0068503963,0.00983171,标签正确,悲伤,高,付出被轻视，委屈失落,标签正确
829,愤怒→悲伤,可为什么告诉你的朋友你没有跟她在一起，只是暧昧而已，我在想，如果她知道了，该有多难过。,3,愤怒,2,0.9994438,0.00019033876,1.4215426e-07,0.9994438,0.00036535403,8.583942e-08,2.547105e-07,标签错误,悲伤,中,为他人难过，主导悲伤非愤怒,标签错误
824,愤怒→悲伤,从最近长痘的位置来看我需要一个医生来拯救了,3,愤怒,2,0.9992459,0.0001730914,1.7642639e-06,0.9992459,0.0005670523,1.193817e-05,3.6147853e-07,边界模糊,焦虑,低,吐槽长痘，情绪信息不足,边界模糊
823,愤怒→悲伤,女人所谓的失恋，其实就是青黄不接。,3,愤怒,2,0.9992231,0.00030949007,3.9753508e-07,0.9992231,0.00046488355,3.499238e-08,2.0164348e-06,边界模糊,悲伤,低,泛泛感慨，无明确情绪,边界模糊
822,愤怒→悲伤,为什么面对自己喜欢的人，心里有无数想说的话，可是一说话就变得哑口无言。我这是怎么了我想你，却不知道从何说起。。。,3,愤怒,2,0.9992046,0.0001406293,3.0908186e-07,0.9992046,0.00065435417,3.0353654e-08,1.3154231e-07,标签错误,悲伤,中,思念无奈，主导悲伤,标签错误
821,愤怒→悲伤,体检，血压正常的人变成血压低，愈合能力超强的人伤口愈合不好。人已经从半残变成全残。,3,愤怒,2,0.9991642,9.791398e-05,3.6503957e-07,0.9991642,0.0007372646,2.362939e-08,2.566812e-07,标签错误,悲伤,中,自嘲身体差，无奈悲伤,标签错误
820,愤怒→悲伤,有点委屈。最近老是被坑，不是别人太坏，而是自己太愚蠢。我应该回到我的外星球去,3,愤怒,2,0.99909294,0.0002116256,9.222367e-07,0.99909294,0.0006943954,4.450343e-08,1.2715334e-07,标签错误,悲伤,中,委屈自责，主导悲伤,标签错误
817,愤怒→悲伤,我觉得我的生活如此的枯燥乏味，每天都一样，原本的我不是这样的呀！为什么现在会变得如此,3,愤怒,2,0.9988971,0.00012037534,4.233054e-07,0.9988971,0.0009820652,1.4435345e-08,4.8851568e-08,标签错误,悲伤,中,生活枯燥失落，非愤怒,标签错误
815,愤怒→悲伤,牙疼的日子里，每一分每一秒都是煎熬,3,愤怒,2,0.99888116,0.00018507538,1.2831796e-06,0.99888116,0.000931996,1.0689054e-08,5.032331e-07,标签错误,悲伤,中,牙疼煎熬，痛苦无奈,标签错误
813,愤怒→悲伤,想要的太多不敢放弃的太少最后还怪别人给的不够,3,愤怒,2,0.99884135,0.00028179833,7.594689e-07,0.99884135,0.0008754717,2.6834789e-08,5.803292e-07,标签错误,悲伤,中,自省抱怨，无奈非愤怒,标签错误
812,愤怒→悲伤,5个人站在一起感觉好不真实...,3,愤怒,2,0.9988304,0.00033749253,4.1082902e-07,0.9988304,0.0008314557,1.8735382e-07,6.635523e-08,边界模糊,焦虑,低,太短，情绪信息不足,边界模糊
811,愤怒→悲伤,掏了4万块脸疼了一天已经不能见人了只有番茄炖牛肉能安慰我一下结果学弟学妹们回来瞬间就剩下这样了😳,3,愤怒,2,0.99878687,0.0001520727,9.55784e-07,0.99878687,0.0010598602,2.9977304e-08,2.5786525e-07,标签错误,悲伤,中,脸疼破财食物被抢，主导是无奈悲伤,标签错误
809,愤怒→悲伤,我妈说终于把我家爹送走了我告诉自己不哭不哭不哭,3,愤怒,2,0.9987276,0.00038414297,1.2847282e-06,0.9987276,0.0008846493,1.6503759e-06,7.1582446e-07,标签错误,悲伤,高,送走父亲强忍不哭，明显悲伤,标签错误
808,愤怒→悲伤,吃止疼片都拯救不了我。真的真的真的是太痛苦了,3,愤怒,2,0.9987269,6.9776186e-05,1.264286e-06,0.9987269,0.0012005073,1.707996e-07,1.3390927e-06,标签错误,悲伤,高,止疼无效太痛苦，悲伤哀叹,标签错误
807,愤怒→悲伤,我想让你好好的，但是我却没有办法！我真想去看看你，紧紧的抱住你，给你一个安慰的拥抱！但是我不能，不能给你增加负担。你在电话那头哭，我却没有一点办法！不是谁都可以成为彼此后天的家人！,3,愤怒,2,0.9984825,0.00072427635,8.7761345e-07,0.9984825,0.0007918052,3.3199402e-08,5.434429e-07,标签错误,悲伤,高,无力安慰对方，悲伤无奈,标签错误
806,愤怒→悲伤,"学理不是好选择,,Ծ^Ծ,,智商告急",3,愤怒,2,0.99846196,0.00027701585,2.1133887e-06,0.99846196,0.0012294058,2.2556751e-05,6.9049884e-06,标签错误,焦虑,中,智商告急，对学业担忧焦虑,标签错误
805,愤怒→悲伤,中意了一双球鞋1000块舍不得买，周末就要比赛了,3,愤怒,2,0.9984457,0.00031805274,1.4364513e-06,0.9984457,0.0012337855,7.863214e-08,9.813784e-07,标签错误,焦虑,中,舍不得买又临近比赛，纠结焦虑,标签错误
804,愤怒→悲伤,今天干了件挫事，从光盘中往出复制东西，太慢中途取消了，打算一个一个来复制，没想到光盘中的源文件都给没了，太啃了，悲催啊,3,愤怒,2,0.9983975,0.00014453288,1.0053712e-06,0.9983975,0.0014565947,1.9958323e-08,2.2591264e-07,标签错误,悲伤,中,操作失误文件丢失，悲催沮丧,标签错误
803,愤怒→悲伤,王久辛:[抓狂] @轩墨殇:我也觉得这是悲剧，哎，可怜那,3,愤怒,2,0.9983664,0.00043562413,1.1532965e-06,0.9983664,0.0011961199,4.356181e-07,2.949187e-07,标签错误,悲伤,中,叹悲剧可怜，哀叹悲伤,标签错误
802,愤怒→悲伤,真的求供暖啊魔法伤害真的是穿多少都冷啊,3,愤怒,2,0.9983588,0.00014953603,1.7876256e-06,0.9983588,0.0014888892,8.8474553e-07,1.4164505e-07,标签错误,焦虑,中,求供暖冷得难受，烦躁焦虑,标签错误
801,愤怒→悲伤,买洗衣机缺1500，最近手还伤了,3,愤怒,2,0.9983342,6.677998e-05,9.710463e-07,0.9983342,0.0015978146,9.918055e-08,1.4127433e-07,标签错误,悲伤,中,缺钱又手伤，无奈悲伤,标签错误
800,愤怒→悲伤,恋旧，也许是看不到现在而心慌，也许是过的不开心而想念。我究竟有没有点智商？？？,3,愤怒,2,0.99828833,0.0005693822,1.0443139e-06,0.99828833,0.0011403712,2.915779e-07,5.6576107e-07,标签错误,悲伤,中,心慌不开心想念，自我质疑，主导悲伤,标签错误
799,愤怒→悲伤,今年太霉了，五月考试没过，害我要苦逼两年，过两年的穷日子，六月才买的衣服提在手里都掉了，九月机票输错字母，打了一晚上的香港航空，第二天肾六又被摸，用了一年都没到，还有什么事情要让我承受的😭😭😭😭,3,愤怒,2,0.998256,0.00012733876,1.0848423e-06,0.998256,0.0016148599,5.4531593e-08,5.1778903e-07,标签错误,悲伤,高,连串倒霉事，无奈哀叹，主导悲伤,标签错误
798,愤怒→悲伤,感觉自己有把想法强加给别人的缺点。。这样不好。不好。。之前答应别人去厦门玩，还得逃课。。突然不想去了,3,愤怒,2,0.99825555,0.00013066885,9.3963354e-07,0.99825555,0.0016109683,4.4994079e-07,1.3839209e-06,标签错误,焦虑,中,自我否定加纠结逃课，主导焦虑,标签错误
797,愤怒→悲伤,悲催的有木有！,3,愤怒,2,0.99823016,0.0003486389,1.1703024e-06,0.99823016,0.001419801,3.558282e-08,2.5278882e-07,边界模糊,悲伤,低,文本太短，仅吐槽悲催，难判定,边界模糊
796,愤怒→悲伤,是怎样的辛酸、痛与无奈才会有如此痛不欲生的表情？,3,愤怒,2,0.9981865,0.00029569055,9.968812e-07,0.9981865,0.0015166379,1.7130922e-08,1.1783104e-07,标签错误,悲伤,高,辛酸痛无奈，痛不欲生，主导悲伤,标签错误
795,愤怒→悲伤,每次都做老好人，下场就是自己死的很惨！哎！好人不好做。好难受！,3,愤怒,2,0.9981096,0.00022886229,5.0702755e-07,0.9981096,0.0016606151,3.8341145e-08,3.5867674e-07,标签错误,悲伤,中,老好人下场惨，好难受，主导悲伤,标签错误
794,愤怒→悲伤,昨晚热水袋把小腿烫了巴掌那么大一块伤。。。。。还起泡了，好痛。,3,愤怒,2,0.99810946,8.2661856e-05,6.894836e-07,0.99810946,0.0018070745,2.442416e-08,9.6503854e-08,标签错误,悲伤,中,烫伤起泡好痛，诉苦，主导悲伤,标签错误
793,愤怒→悲伤,有时候真的会很介意，多少次恨不得自己辞职带,3,愤怒,2,0.9980818,0.00041608498,7.873842e-07,0.9980818,0.0015011156,1.9463e-08,1.8407992e-07,标签错误,悲伤,中,介意到想辞职，无奈失落，主导悲伤,标签错误
792,愤怒→悲伤,觉得自己真不适合当超过三人的活动组织者。不管排日程还是选项目定餐厅，都要战战兢兢小心翼翼地考虑每个人是否满意时间是否合理地方是否方便价格是否合适。活动之前的准备和煎熬实际上早就超过了活动的时间的快感。然而现在莫名地所有组织活动的任务都落到我身上，敢情我看起来如此具有领导才能？[哼],3,愤怒,2,0.9980698,0.0006247307,6.4688456e-06,0.9980698,0.001294114,8.136197e-08,4.8462584e-06,标签错误,焦虑,中,战战兢兢煎熬，担忧压力，主导焦虑,标签错误
791,愤怒→悲伤,我出门必备物品：钥匙、充电宝、手机、钱包、耳机，真希望哪一天出门只要带手机和耳机，二维码取代钥匙，手机续航大幅度提升，全部支持“扫一扫支付”，现在带一堆东西出去真的是太痛苦了,3,愤怒,2,0.9980102,0.0010648472,8.73416e-07,0.9980102,0.000922861,1.1966672e-07,1.2112565e-06,标签错误,悲伤,中,带一堆东西太痛苦，无奈，主导悲伤,标签错误
790,愤怒→悲伤,每天失眠，在这样下去，我想我会真的疯掉的！想你真的很痛苦,3,愤怒,2,0.9979826,0.00020409015,1.9767215e-06,0.9979826,0.0018035594,1.4447082e-07,7.522309e-06,标签错误,悲伤,高,失眠痛苦思念，主导悲伤,标签错误
789,愤怒→悲伤,从此后，我再没有去过任何寺院。,3,愤怒,2,0.99797493,0.000661568,1.416317e-06,0.99797493,0.0013618438,1.3267296e-08,1.8189158e-07,边界模糊,悲伤,低,文本太短，无明确情绪信息,边界模糊
788,愤怒→悲伤,朴特和金希澈去人气歌谣给fx助兴有没有TTTTT 金希澈红衣服有没有TTT 泥码我却在温哥华酒店里面苦逼的掉线掉线掉线掉线TTTTTT整理图整理图整理图TTTTTT 连个修图的时间都没有TTT,3,愤怒,2,0.99796176,0.00020278871,2.593262e-06,0.99796176,0.0018320959,2.6916195e-08,6.951053e-07,标签错误,悲伤,高,吐槽苦逼掉线，内心受挫难受,标签错误
787,愤怒→悲伤,在奔驰活动当道具，真悲哀啊。,3,愤怒,2,0.99796176,0.0006227988,1.9226657e-06,0.99796176,0.0014129817,5.8535495e-08,4.1910678e-07,标签错误,悲伤,中,自嘲悲哀，内心失落,标签错误
785,愤怒→悲伤,口腔溃疡吃麻辣香锅不疼吃麻辣香锅味薯片疼,3,愤怒,2,0.9978885,0.0003611783,2.8177285e-06,0.9978885,0.0017473431,1.07096234e-07,1.1602857e-07,边界模糊,悲伤,低,陈述事实，无明显情绪,边界模糊
784,愤怒→悲伤,现在的心酸都是自己当初不努力造的孽。。。,3,愤怒,2,0.99785393,0.0003282789,7.936358e-07,0.99785393,0.0018164006,3.7954255e-08,4.7427963e-07,标签错误,悲伤,高,心酸自责，主导悲伤,标签错误
783,愤怒→悲伤,都已经穷到没钱开饭了，为什么还想着买书呢…而且刚买回来的书也没看完……但是又好像买……,3,愤怒,2,0.9978003,0.000113661816,1.2247043e-06,0.9978003,0.0020842133,3.8783813e-08,5.6709706e-07,标签错误,焦虑,中,纠结买书，内心矛盾不安,标签错误
782,愤怒→悲伤,都要走了还对我那么不好·[泪],3,愤怒,2,0.99770373,0.00029445704,9.3776265e-07,0.99770373,0.0020001454,3.0395873e-07,4.8487124e-07,标签错误,悲伤,高,被不好对待，委屈难过,标签错误
781,愤怒→悲伤,800给男朋友买个打火机他丢了3个,3,愤怒,2,0.997701,0.00036712643,7.832291e-07,0.997701,0.0019309634,3.9308464e-08,1.2988808e-07,边界模糊,悲伤,低,陈述事实，情绪不明确,边界模糊
780,愤怒→悲伤,想约釜山应该下月？如果时间允许的话（只用请一天假的那种）好想去去吃基石推荐的“蚂蚁窝”去李胜勋的家乡看看去吃他吃的那家店but要是像一周年还是那种club的话就真的想死,3,愤怒,2,0.99767786,0.0006856812,5.492062e-07,0.99767786,0.0016351845,1.4943565e-07,5.913125e-07,标签错误,开心,中,期待旅行，主导开心期待,标签错误
779,愤怒→悲伤,心都拔凉拔凉，一切为了下一代，这是有病也不能治。真TM痛。,3,愤怒,2,0.9976286,8.031543e-05,6.5358904e-07,0.9976286,0.002289481,1.07994566e-07,8.6527376e-07,标签错误,悲伤,中,痛心无奈为主，非愤怒,标签错误
778,愤怒→悲伤,半晌的找寻，半晌的心神不宁，坐立不安终于石头落地，无意识的习惯由心底而生的挂念无处可逃，无法抗拒！！,3,愤怒,2,0.9975942,0.0010016834,2.022205e-06,0.9975942,0.0012453627,4.3895437e-08,0.00015672864,标签错误,焦虑,高,心神不宁坐立不安，焦虑,标签错误
777,愤怒→悲伤,心情不太美丽。不知道是不是我太玻璃心。,3,愤怒,2,0.9975497,0.00033049253,6.7477305e-07,0.9975497,0.002118743,3.5951357e-09,3.6540956e-07,标签错误,悲伤,中,心情不美丽，低落悲伤,标签错误
776,愤怒→悲伤,一个人来了宗泫的店，点了两样，甜，因为本人吃不了很甜的东西，浪费了，好几十大洋呢,3,愤怒,2,0.9975454,0.00092630653,7.251886e-07,0.9975454,0.001527332,1.6587656e-08,1.05516676e-07,标签错误,悲伤,中,浪费钱惋惜失落,标签错误
775,愤怒→悲伤,伤不起啊啊啊,3,愤怒,2,0.997521,0.0006959798,8.326245e-06,0.997521,0.0017665013,3.4637826e-06,4.7014537e-06,边界模糊,悲伤,低,太短，伤不起难分主次,边界模糊
774,愤怒→悲伤,两部戏一部比一部虐人心，让我这个处于各种煎熬各种寂寞的人更痛彻心扉了。,3,愤怒,2,0.9975089,0.001411604,9.245732e-07,0.9975089,0.0010782747,3.1724472e-08,3.0539414e-07,标签错误,悲伤,高,痛彻心扉，悲伤,标签错误
773,愤怒→悲伤,以前他为了让我做他女朋友，他什么手段都会用，不让别人靠近我，现在，别人想靠近了，他却无所谓。他的心里到底是怎么想的，你的话实在让我太心寒了你知不知道,3,愤怒,2,0.99749255,0.0005076486,3.3621864e-06,0.99749255,0.0019956338,1.9951568e-08,8.2168077e-07,标签错误,悲伤,中,心寒失落，非愤怒,标签错误
772,愤怒→悲伤,我！这辈子！都不要留斜刘海啊！！！看着镜子里的我简直丑哭,3,愤怒,2,0.9974878,0.0002535981,1.7512181e-06,0.9974878,0.0022566863,2.6408882e-08,1.8739593e-07,标签错误,悲伤,中,丑哭自嘲，悲伤,标签错误
770,愤怒→悲伤,#新型肺炎已致湖北17人死亡#我记得昨天好像是九个人，现在就17个人了[泪]死亡人数涨的太快了吧[泪]吃野味的人该死，一点不同情他们，但是没吃野味的人多无辜啊，他们等不到过年了[泪] ??,3,愤怒,2,0.9974764,0.00064301235,1.5686384e-06,0.9974764,0.0015707313,0.00028033002,2.793057e-05,标签正确,愤怒,高,骂吃野味的人该死，愤怒,标签正确
769,愤怒→悲伤,曲径风吟:悲剧！,3,愤怒,2,0.9974306,0.00077123294,7.6074036e-07,0.9974306,0.0017969535,2.5231094e-07,2.3405394e-07,边界模糊,悲伤,低,仅悲剧二字，信息不足,边界模糊
768,愤怒→悲伤,唉，当领导把国门向我关紧的时候，我仿佛被关在了一个大牢里；记得小时候妈妈把我进房间里的时候，我曾想长大了就自由了，如今我已长大了而祖国母亲还不让我出门。,3,愤怒,2,0.9974131,0.0005532064,1.0614621e-06,0.9974131,0.0020313342,2.9740693e-08,1.2942575e-06,标签错误,悲伤,高,无奈哀叹，非愤怒,标签错误
767,愤怒→悲伤,本来这个月就已经是个吃土girl了，结果手机数据线坏了，淋浴卡上余额也不够了,3,愤怒,2,0.99740773,4.4614957e-05,1.3737524e-06,0.99740773,0.002546104,1.5611953e-08,2.4522376e-07,标签错误,悲伤,高,倒霉吐槽，内心受挫,标签错误
766,愤怒→悲伤,两个月没发工资，四个月没交医社保怎么这么悲催,3,愤怒,2,0.9973865,8.843891e-05,1.7112932e-06,0.9973865,0.0025218278,8.1864755e-08,1.4295691e-06,标签错误,悲伤,高,悲催哀叹，非愤怒,标签错误
765,愤怒→悲伤,这几年真的和开水杠上了烫伤脚完了又烫了手现在整个手又红又疼,3,愤怒,2,0.99720985,0.00013314064,8.841522e-07,0.99720985,0.0026561404,2.147399e-08,2.987254e-08,标签错误,悲伤,高,倒霉无奈，非愤怒,标签错误
764,愤怒→悲伤,"sorry,只怪手机太差。为什么还不给我发工资啊。再见，阿诗。",3,愤怒,2,0.9972038,0.0008645677,2.364372e-06,0.9972038,0.0019287664,3.8361843e-08,4.4405957e-07,标签错误,悲伤,中,抱怨无奈，非愤怒,标签错误
763,愤怒→悲伤,为神马是这个煽情的黑白色调[咆哮] [泪],3,愤怒,2,0.99718094,0.0017925134,9.814896e-07,0.99718094,0.0010246796,3.1082087e-07,5.594835e-07,边界模糊,悲伤,低,情绪信息不足,边界模糊
762,愤怒→悲伤,天天累的眼睛都是三眼皮我干嘛呀自己作自己…,3,愤怒,2,0.9971222,0.00023771673,6.2103663e-07,0.9971222,0.0026392348,2.3117723e-08,1.7014246e-07,标签错误,悲伤,高,自嘲无奈，非愤怒,标签错误
760,愤怒→悲伤,太丢人了，我今天要找个角落待一会…没脸见人了………,3,愤怒,2,0.9970613,0.00016530728,9.333272e-07,0.9970613,0.0027723035,1.1115596e-08,9.462541e-08,标签错误,悲伤,高,丢人羞愧，非愤怒,标签错误
759,愤怒→悲伤,白天被催债似的要进度表，被各种使唤，晚上加班搞的材料领导看了被批成渣要求明天继续重做，加班回来刚要洗澡就接到领导电话明天开会要加印资料，洗到一半又被告知通知各工作队长明天开会，虽然知道扶贫是一个坑，但是没想到会这坑这么深一想到扶贫要重新做心都碎了,3,愤怒,2,0.9970595,0.00033236615,2.1677715e-06,0.9970595,0.0026052874,1.469024e-07,4.1059022e-07,标签错误,悲伤,中,心碎无奈，非愤怒,标签错误
758,愤怒→悲伤,一个人带着孩子，小孩又不舒服，总是闹。真心累，老公这边的人没有一个人在身边，帮不上忙，难道我是铁打的吗？这个时间段带孩子是最辛苦的时候，最小心呵护的时候，难道赚钱比带好小孩更重要吗？？？心一步步在心寒。,3,愤怒,2,0.9970561,0.00016582367,1.15546245e-05,0.9970561,0.0027582922,5.6998218e-08,8.0578475e-06,边界模糊,悲伤,中,心寒含指责，难分主次,边界模糊
757,愤怒→悲伤,想去漫展…想学萌萌的舞蹈…想唱歌…想和小伙伴们吃吃吃…想回我浙看看基佬们…作业一大堆…没有进展，做一科的作业都赶上我毕设的量了…我这趟如果能活过来…一定是病倒在床上…!！即使这样，我还是看了一晚上runningman…,3,愤怒,2,0.99703336,0.0010083484,1.8001141e-06,0.99703336,0.001953441,2.4488472e-07,2.7887838e-06,标签错误,焦虑,中,作业压力大，无奈焦虑为主,标签错误
756,愤怒→悲伤,求一千买个kindle，听说和纸质书没啥差别，可是我辣么喜欢读书居然买不起kindle,3,愤怒,2,0.99697804,0.0004401225,2.2758825e-06,0.99697804,0.0025781444,8.5987864e-08,1.2899822e-06,标签错误,悲伤,中,买不起kindle，失落无奈,标签错误
755,愤怒→悲伤,伤不起！[泪][泪][泪],3,愤怒,2,0.99697065,0.001856786,9.845528e-06,0.99697065,0.00086366804,0.0002873279,1.1669942e-05,边界模糊,悲伤,低,文本太短，情绪信息不足,边界模糊
754,愤怒→悲伤,想买件像样的衣服给母亲，1000元左右，但我还在上学没那能力,3,愤怒,2,0.9969645,0.00031304188,3.985397e-06,0.9969645,0.0027176277,2.693207e-07,5.705996e-07,标签错误,悲伤,高,无力尽孝，无奈失落,标签错误
753,愤怒→悲伤,舍友说一个很久不联系的男生给她留言说了什么然后她很感慨还心口疼不知道为啥我竟然羡慕现在都没有一个人让我为之动容以后没啥事别打扰我吃狗粮,3,愤怒,2,0.9968322,0.0012244745,1.701621e-05,0.9968322,0.0019249188,4.116242e-08,1.2937713e-06,标签错误,悲伤,中,羡慕他人，孤独失落,标签错误
751,愤怒→悲伤,学校明年四月专升本，整个寒假都要耗在学校随时待命这简直是天下第一大噩耗，我的第一个带薪寒假就这么流产了。,3,愤怒,2,0.9967824,0.0003024767,7.1739237e-06,0.9967824,0.0028181036,7.182186e-08,8.971097e-05,标签错误,悲伤,中,寒假泡汤，失落无奈,标签错误
750,愤怒→悲伤,痛哭流涕，痛下决心，痛改前非，一番疼痛后的流泪悔悟该不该相信……,3,愤怒,2,0.9966145,0.0011639671,1.5228501e-06,0.9966145,0.0022179296,1.1849961e-06,8.729302e-07,边界模糊,悲伤,低,悔悟流泪，情绪难分主次,边界模糊
749,愤怒→悲伤,奚时喃喃:好痛心 烟渺渺烟: 我就是海南人 周围的亲朋好友明显没有把这个疫情当回事,3,愤怒,2,0.996612,0.0012651084,1.281956e-05,0.996612,0.0015771902,0.0005302952,2.5975708e-06,标签错误,焦虑,中,疫情不被重视，担忧,标签错误
748,愤怒→悲伤,这一晚上被小说剧透撩拨得整个人都不好了…憋着不去看真的很辛苦啊…我的什么时候才到,3,愤怒,2,0.99659437,0.00015076078,1.1585197e-06,0.99659437,0.0032522073,7.0915966e-08,1.343855e-06,标签错误,焦虑,中,剧透撩拨，烦躁难耐,标签错误
746,愤怒→悲伤,看到别人个个都是这么地优秀，而我，自卑感又开始作祟了……,3,愤怒,2,0.99650073,0.00027456073,5.987477e-06,0.99650073,0.0030063102,5.9571473e-08,0.00021232582,标签错误,悲伤,高,自卑感作祟，失落难过,标签错误
745,愤怒→悲伤,宝贝今晚老是哭闹，刚被放下~一个人抱着好累啊委屈又开始头痛了,3,愤怒,2,0.99645966,9.439149e-05,1.818583e-06,0.99645966,0.0034435852,2.88345e-08,4.867117e-07,标签错误,悲伤,中,委屈头痛，侧重自身难受,标签错误
744,愤怒→悲伤,"现在后悔得要命,现在凡是政府说的要捐款,我都一毛不拔了..",3,愤怒,2,0.99644816,0.00076856074,5.3608176e-07,0.99644816,0.0027786905,1.285534e-07,3.919794e-06,标签错误,愤怒,中,后悔并指责政府，愤怒主导,边界模糊
743,愤怒→悲伤,我差点哭出来[泪]平时已经很注意给她灌输新理念了[抓狂]没和我商量就这么做了！！！,3,愤怒,2,0.9963741,0.0008647076,8.815783e-07,0.9963741,0.0027599155,1.0145233e-07,3.1044178e-07,标签错误,愤怒,高,抓狂指责对方擅自行动,边界模糊
742,愤怒→悲伤,吃了三天的药了，一点效果都没有，还是测不到卵泡，为什么会这样啊~,3,愤怒,2,0.99634236,6.3091444e-05,5.321356e-07,0.99634236,0.0035929468,5.0432515e-08,9.535103e-07,标签错误,悲伤,中,无奈哀叹，非愤怒,标签错误
741,愤怒→悲伤,心情很糟糕，神啊！救救我吧~~~,3,愤怒,2,0.9963128,0.00035752033,8.62291e-07,0.9963128,0.0033275748,1.0484372e-06,2.2079459e-07,标签错误,悲伤,中,心情糟糕求救，悲伤无奈,标签错误
740,愤怒→悲伤,右手臂酸疼得已经无法入眠…不就是写了十多页笔记吗…至于吗…,3,愤怒,2,0.9962674,0.000109750785,4.3574423e-06,0.9962674,0.0036177095,1.0267267e-07,7.554211e-07,标签错误,悲伤,中,酸痛难眠，自嘲无奈,标签错误
739,愤怒→悲伤,不能在一起的人却相爱，这种痛苦电视剧里演绎的结局都是最后不会在一起。为什么，为什么，明明不爱还要一起，自虐！自虐！自虐！,3,愤怒,2,0.9962478,0.0003518861,6.7388333e-07,0.9962478,0.00339876,8.554926e-08,6.712395e-07,标签错误,悲伤,中,痛苦自虐，悲伤主导,标签错误
738,愤怒→悲伤,辛辛苦苦写的两页作业就这么没了，所以，我很不开心！,3,愤怒,2,0.99622643,0.00026253678,1.0140292e-06,0.99622643,0.0035096826,5.8220744e-09,3.661289e-07,标签错误,悲伤,高,作业丢失不开心，悲伤,标签错误
737,愤怒→悲伤,美丽的花儿！🌿就这样凋零了！🍃不缺水不缺肥的，难道是冻死了？！还能救活吗？！心疼呦～,3,愤怒,2,0.99620456,0.0011405599,1.7175695e-06,0.99620456,0.0026525503,9.996652e-08,5.729713e-07,标签错误,悲伤,高,心疼花儿凋零，悲伤,标签错误
736,愤怒→悲伤,梦里都洗漱完了也化好妆夹好头发了.一睁眼还什么都没做!我好苦阿,3,愤怒,2,0.9961981,0.00012366992,1.6428993e-06,0.9961981,0.003675771,3.2055333e-08,7.0080716e-07,标签错误,悲伤,中,好苦啊，失落无奈,标签错误
735,愤怒→悲伤,好后悔把机票买早了虽然有表演要彩排但还是想多看一天……不能太任性了,3,愤怒,2,0.9961802,0.0021091728,2.7560104e-06,0.9961802,0.0016872087,2.0092524e-05,6.5811145e-07,标签错误,悲伤,高,后悔无奈，内心失落,标签错误
734,愤怒→悲伤,我一定是上辈子出生在富贵皇族家庭里的小孩，皇族内乱，死之前阿玛跟我说了句：孩子，希望你下辈子出生在一户普通人家，过着平淡而幸福的生活……所以这辈子我过着普通老百姓的生活，却来不及改掉一身的公主病😂😂😂啊……多么痛的领悟,3,愤怒,2,0.99614704,0.0019869735,1.630962e-06,0.99614704,0.0018627103,6.622735e-08,1.5740026e-06,标签错误,悲伤,中,自嘲感叹，无奈悲伤,标签错误
732,愤怒→悲伤,我真的一点都不喜欢他，为什么非要跟他处,3,愤怒,2,0.9960775,0.00015677835,4.4487427e-07,0.9960775,0.0037650443,4.4075055e-09,2.7787772e-07,标签错误,悲伤,中,无奈不满，非愤怒,标签错误
731,愤怒→悲伤,复习不进去了，明天后天最后两门,3,愤怒,2,0.9960223,0.00015349194,4.470426e-06,0.9960223,0.0038172784,1.154288e-06,1.4412166e-06,标签错误,焦虑,中,复习压力，焦虑烦躁,标签错误
730,愤怒→悲伤,江南春:司机大哥你还是人吗?泪,3,愤怒,2,0.9960026,0.0017589529,1.6082217e-06,0.9960026,0.0022366045,1.8235141e-07,6.524998e-08,标签正确,愤怒,高,指责司机，强烈不满,标签正确
729,愤怒→悲伤,上午考试，下午培训，吃饭的时间都没有，真心累，还不赶紧回来开门，我还在流落街头,3,愤怒,2,0.9959495,0.00017616851,1.7892792e-06,0.9959495,0.0038722053,2.4603198e-08,3.0218803e-07,标签错误,悲伤,中,疲惫无奈，非愤怒,标签错误
728,愤怒→悲伤,弄啥咧，什么时候搞不好，大晚上我不做作业就是想肝到新刀，还差5000玉呢啊啊啊没有精力搞浏览器啊爸爸爸爸,3,愤怒,2,0.995943,0.0003488204,1.5685094e-06,0.995943,0.0037059444,1.2941659e-07,5.785917e-07,标签错误,焦虑,中,烦躁抓狂，焦虑无奈,标签错误
727,愤怒→悲伤,好难啊[失望][失望]好心疼 张冯bot: 造梦者马小军:社区呢社区呢社区呢，封城之后就没有后续了吗，武汉政府真的死了 RiotGrrrl亚锌:[失望],3,愤怒,2,0.99584335,0.00019003853,2.4785838e-06,0.99584335,0.0039602597,1.3426054e-06,2.5966617e-06,标签正确,愤怒,高,指责政府，强烈愤怒,标签正确
726,愤怒→悲伤,出门前再三检查也没能万无一失，一切带全了缺忘了换高跟鞋。。希望客户不要在意我穿的是健步鞋吧想哭,3,愤怒,2,0.9957973,0.00047330844,2.7316933e-06,0.9957973,0.0037259546,1.2909925e-07,6.1019074e-07,标签错误,焦虑,中,担忧客户在意，焦虑,标签错误
724,愤怒→悲伤,[泪] 这雨都下了一星期了，都不见有停下来的趋势...............[抓狂] [泪],3,愤怒,2,0.9956247,0.0003473322,2.497449e-06,0.9956247,0.004023771,1.2935192e-07,1.4913844e-06,标签错误,焦虑,中,抓狂烦躁，焦虑无奈,标签错误
723,愤怒→悲伤,想吃肉，可是大家都好忙呀！连一个陪我长胖的人都没有！,3,愤怒,2,0.9955972,0.00023748765,1.6108388e-06,0.9955972,0.00415884,4.4739354e-09,4.8906627e-06,标签错误,悲伤,中,无人陪伴的失落孤独，非愤怒,标签错误
722,愤怒→悲伤,剁手剁手剁剁剁一顺手就get了两支GA然而距离人生的第一支GA才一个月再不去逛街了真的我明明不是普通的喜欢买买买的女人,3,愤怒,2,0.9955331,0.0009477458,2.087506e-06,0.9955331,0.003515969,3.4408305e-07,7.4657817e-07,标签错误,悲伤,中,剁手自嘲无奈，非愤怒,标签错误
721,愤怒→悲伤,&amp;quot;你太看重你自己，同时又太看重别人对你的评价，你被别人虚张声势的强大吓傻了，你开始怀疑自己，你不发表意见，即便你有远见，在远见未被证实之前，你永远不敢迈出尝试的那步。你是被你自己一步步击倒的，从你开始为自己的畏缩找借口的那天起，你已经开始慢慢变成被你看不起的样子。&amp;quot;诫勉~,3,愤怒,2,0.99552476,0.0040923287,3.285936e-07,0.99552476,0.00037936002,8.162195e-07,2.4350297e-06,标签错误,悲伤,中,自我怀疑沮丧，非愤怒,标签错误
720,愤怒→悲伤,已经哭了4个小时了。我真的太没出息了,3,愤怒,2,0.99551207,0.00024269613,1.8458345e-06,0.99551207,0.0042428337,3.950407e-08,5.2362077e-07,标签错误,悲伤,高,哭泣自责，明显悲伤,标签错误
719,愤怒→悲伤,一个口语视频录了千百遍还没录好，心好累,3,愤怒,2,0.99541926,0.00016782431,3.274791e-06,0.99541926,0.004408893,2.1135452e-08,7.421591e-07,标签错误,焦虑,中,反复失败心累烦躁，偏焦虑,标签错误
718,愤怒→悲伤,#家人对冠状病毒的态度#我就不怕，难到比非典还历害吗？无语的我[允悲] ??,3,愤怒,2,0.99539953,0.00025647692,3.939453e-06,0.99539953,0.0043383464,2.8906092e-07,1.4236141e-06,标签错误,愤怒,低,无语无奈，情绪模糊,边界模糊
717,愤怒→悲伤,我觉得我受到了这个故事的欺骗，它辜负了我跌宕起伏的心情……,3,愤怒,2,0.9953875,0.0010825647,2.980621e-06,0.9953875,0.0035266818,2.544648e-08,2.247732e-07,标签错误,悲伤,中,被辜负的失落，非愤怒,标签错误
716,愤怒→悲伤,努力的时候不知道后悔、被人打醒以后想想以前的自己好傻,3,愤怒,2,0.9953597,0.0014883389,9.864905e-07,0.9953597,0.0031496221,1.2102024e-07,1.2231437e-06,标签错误,悲伤,中,自嘲后悔，非愤怒,标签错误
715,愤怒→悲伤,我還有堅持下去的理由嗎？？我還有繼續下去的動力麼！！只是感覺好痛好痛。。,3,愤怒,2,0.99532807,0.0009981293,1.7930877e-06,0.99532807,0.0036693779,7.4862146e-07,1.8851365e-06,标签错误,悲伤,高,痛苦绝望，明显悲伤,标签错误
714,愤怒→悲伤,39天了，今天知道了临床技能考核没过的消息，非常失落。扶不起墙的烂泥巴,3,愤怒,2,0.9953147,0.00039748376,4.9305604e-06,0.9953147,0.0042815995,3.893801e-08,1.2654506e-06,标签错误,悲伤,高,考核失败失落自责,标签错误
713,愤怒→悲伤,满心欢喜盼了好久的elle到了，结果从快递那里拿的时候，就感觉不是很好，只有薄薄一层被裹的乱七八糟的那种塑泡袋，杂志还被压变了形。惴惴不安的把那层包装剪开以后，出现了意料之中的折损，连封面都有长长的一道印，书角也搞得乱七八糟的！然而本来这些我都可以忍的，虽然真的会影响心情，但盼了这么...全文,3,愤怒,2,0.9952024,0.0006900425,2.5959064e-06,0.9952024,0.0041048066,3.855068e-09,1.3161768e-07,标签错误,悲伤,中,期待落空、心情受影响，主导为失落难过,标签错误
712,愤怒→悲伤,越陷越深。,3,愤怒,2,0.99514645,0.00039218928,6.160117e-07,0.99514645,0.0044601583,3.0845086e-08,5.5801837e-07,边界模糊,悲伤,低,文本过短，无明确情绪信息,边界模糊
711,愤怒→悲伤,想要500块，请朋友吃顿大餐，好久没聚了，因为没钱,3,愤怒,2,0.99513656,0.002401878,4.954681e-06,0.99513656,0.0024557426,9.82096e-08,7.436626e-07,标签错误,悲伤,中,因没钱无法聚会，无奈失落,标签错误
710,愤怒→悲伤,当金钱成为了衡量感情的尺度，感情也就只剩下钱情而无感动了；当面子成了生活中难以避开的东西，生活也就只剩下维系面子而忍着实在的痛了。,3,愤怒,2,0.99511343,0.0014304107,6.9501306e-07,0.99511343,0.0034549714,1.4943405e-08,4.7642666e-07,标签错误,悲伤,中,感叹感情变味，无奈哀叹,标签错误
709,愤怒→悲伤,我不去！！我不追！！我不转！！我不看！！我没钱！！没时间！！没身份证！！不去不去不去！！！！没钱没钱没钱！！！😭😭😭😭😭😭😭😭😭😭😭😭😭可是又想他了。。,3,愤怒,2,0.99503374,0.0008586455,2.8629745e-06,0.99503374,0.0041021216,7.827933e-08,2.5624945e-06,边界模糊,焦虑,低,抗拒与思念交织，情绪复杂难分主次,边界模糊
708,愤怒→悲伤,谁懂我此刻有多么累多么混乱多么努力想淡定却又平静不下来的心情？,3,愤怒,2,0.9950158,0.0005554321,1.4280042e-06,0.9950158,0.0044268994,1.0943752e-08,3.752062e-07,标签错误,焦虑,中,累、混乱、想淡定却平静不下来，焦灼,标签错误
707,愤怒→悲伤,浑浑噩噩的头脑、失魂落魄的身体…,3,愤怒,2,0.994966,0.00057678105,2.3071495e-06,0.994966,0.004453605,1.942179e-08,1.3437838e-06,标签错误,悲伤,中,浑浑噩噩、失魂落魄，低落沮丧,标签错误
706,愤怒→悲伤,【回南天防潮攻略】11月惊现回南天，整个人都不好了,3,愤怒,2,0.99496436,0.00011317221,5.8348854e-07,0.99496436,0.004921146,2.8540282e-07,4.4032058e-07,标签错误,悲伤,中,回南天难受，整个人不好，无奈,标签错误
705,愤怒→悲伤,闹情绪丢钱包嘟嘟唇扁桃体发炎嗓子疼我的好运气呢,3,愤怒,2,0.99487114,0.0006015068,3.8771987e-06,0.99487114,0.0045223176,1.4907566e-07,1.0240043e-06,标签错误,悲伤,中,闹情绪丢钱包生病，倒霉心塞,标签错误
704,愤怒→悲伤,摔坏了手机外壳比摔坏了手机还心疼,3,愤怒,2,0.9948113,0.00043761154,3.2741614e-06,0.9948113,0.004747009,3.4147572e-08,8.0768734e-07,标签错误,悲伤,中,摔坏手机心疼，失落难受,标签错误
703,愤怒→悲伤,我们搬到了一个小公寓，只有一个洗澡间，在这样的冬天洗澡真是冻死人了。,3,愤怒,2,0.99479216,5.9314683e-05,4.4662573e-07,0.99479216,0.005147313,4.443102e-08,6.916169e-07,标签错误,悲伤,中,吐槽洗澡冷，侧重难受无奈,标签错误
702,愤怒→悲伤,一丢丢都不想待在福清，不想待在融泉，哪里是在上班，根本是在养老期末就离开，必须离开,3,愤怒,2,0.9947739,0.00039284865,1.402825e-06,0.9947739,0.0048313215,4.1434596e-08,5.510774e-07,标签错误,愤怒,中,强烈不满现状，决意离开,边界模糊
701,愤怒→悲伤,神啊，赐予我智慧吧，怎么就画不好这眉毛了,3,愤怒,2,0.99471563,0.0008331058,2.2864463e-06,0.99471563,0.0044486476,1.3493481e-08,2.882723e-07,边界模糊,焦虑,低,画眉受挫，无奈吐槽难分主次,边界模糊
700,愤怒→悲伤,unreal_tian:无助无力 希望大家可以一起挺过去 源九郎:今天在街上，看到一流浪汉大爷，看别人都带口罩，他没有，他从垃圾箱捡来别人丢掉的口罩套上了，当时真的是心头一酸。那些吃野味卖野味恶性乱跑传染的，都快死绝户吧，去你八百辈祖宗吧！让全国人帮你背锅。[微笑],3,愤怒,2,0.99469733,0.0023812638,1.8378056e-05,0.99469733,0.0026820505,3.1400634e-06,0.00021782386,标签正确,愤怒,高,后半段强烈指责辱骂吃野味者,标签正确
698,愤怒→悲伤,说真的= =我昨天在银泰门口，看到里面出来的女人都很漂亮，等她们走近了才看到全部都在掉白面= =so 我真的不爱粉啊粉。。。,3,愤怒,2,0.99466866,0.00082453137,3.250075e-06,0.99466866,0.0045029437,1.2519853e-07,4.0625721e-07,边界模糊,悲伤,低,吐槽粉底，情绪信息不足,边界模糊
697,愤怒→悲伤,曳尾菌 :不敢相信啊 拇姬 :一种可能与食用野生动物有关的病，先把做环境和野保教育的人带走了。。[蜡烛],3,愤怒,2,0.99458826,0.0012276946,1.3951686e-06,0.99458826,0.004182003,6.723667e-08,6.111005e-07,标签错误,悲伤,中,哀悼逝者，蜡烛表悲伤,标签错误
696,愤怒→悲伤,每天这么晚都睡不着，会不会死的快。什么时候才会有人来拯救我。,3,愤怒,2,0.9945714,0.00017228743,1.0940461e-06,0.9945714,0.005154201,2.6771596e-08,0.00010108339,标签错误,焦虑,中,失眠担忧健康，持续焦灼,标签错误
694,愤怒→悲伤,今天出个差，心里总是不踏实，一早起来，常带的四季豆也被阿姨做清洁摔坏了，儿子在学校上体育课，脚又扭伤了。非常、非常的不高兴,3,愤怒,2,0.9945082,0.000412163,7.919512e-06,0.9945082,0.005069938,4.2740165e-08,1.7521921e-06,标签错误,焦虑,中,心里不踏实，担忧家人,标签错误
693,愤怒→悲伤,1500买个洗衣机在外拼搏的妹子冬天手洗衣服简直冻成狗,3,愤怒,2,0.9944886,0.00027503024,1.9077895e-06,0.9944886,0.0052341134,1.6609285e-07,1.6991753e-07,标签错误,悲伤,中,吐槽冻成狗，侧重难受,标签错误
692,愤怒→悲伤,今天简直被现实伤害了无数次简直体无完肤,3,愤怒,2,0.99447244,0.00021008775,1.4593365e-06,0.99447244,0.0053158137,1.514597e-08,1.5291913e-07,标签错误,悲伤,中,被现实伤害，体无完肤难过,标签错误
691,愤怒→悲伤,宝宝一直哭闹，心好累。你是老天爷派来收我的吧,3,愤怒,2,0.99441963,0.00028719872,1.4206619e-06,0.99441963,0.005291269,9.644753e-09,4.617561e-07,标签错误,悲伤,中,哭闹心累，无奈疲惫，非愤怒,标签错误
690,愤怒→悲伤,真擔心自己某天因拉肚子而翹辮子，好不容易好多了又復發,3,愤怒,2,0.99438655,0.00030687734,2.2846873e-06,0.99438655,0.0047622267,7.596706e-08,0.00054207555,标签错误,焦虑,中,担心复发，属担忧焦虑,标签错误
689,愤怒→悲伤,为什么每天这个时候都好饿，这是为什么为什么,3,愤怒,2,0.9943297,0.00012258781,8.756227e-07,0.9943297,0.005546637,4.8878874e-09,1.6281207e-07,边界模糊,焦虑,低,反复问为何饿，情绪信息弱,边界模糊
688,愤怒→悲伤,昨天看了《特工邵特》，实在后悔，大烂片。,3,愤怒,2,0.9941764,0.0019263414,1.1747911e-06,0.9941764,0.0038929444,2.8746982e-08,3.0740734e-06,标签正确,愤怒,中,后悔看烂片，表达不满指责,标签正确
687,愤怒→悲伤,今天治疗的第二天，以为今天会舒服些，可是感觉到背上的皮肤都不是自己的了，麻麻的，好难受，以后不要生病了太TM的难受了，坐也不是躺也不行的，真是折磨人！,3,愤怒,2,0.9940976,8.638796e-05,1.3190767e-06,0.9940976,0.005813636,3.3202994e-07,7.4526275e-07,标签错误,悲伤,中,难受折磨，痛苦无奈为主,标签错误
686,愤怒→悲伤,动不动就卡纸，手动双面打印好累，感觉不会再爱了,3,愤怒,2,0.99407756,0.0002068984,1.7098731e-06,0.99407756,0.005713518,2.0325915e-08,2.969325e-07,标签错误,悲伤,中,卡纸心累，无奈吐槽非愤怒,标签错误
685,愤怒→悲伤,一大早就情绪化，自己为什么控制不了，很懊恼,3,愤怒,2,0.99404013,0.00015839831,2.0848104e-06,0.99404013,0.005787097,2.567831e-08,1.2277301e-05,标签错误,焦虑,中,懊恼失控，烦躁不安,标签错误
684,愤怒→悲伤,对于耿静同是女人同情加可怜不知悔恨愿你在里面一辈子对于李春我想弄死他平生第一次想至于死地虽然还没抓到抓到我一定会去看他,3,愤怒,2,0.9940011,0.0007839767,8.647152e-06,0.9940011,0.0052053677,5.4650684e-07,2.736129e-07,标签正确,愤怒,高,想弄死他，强烈愤怒攻击,标签正确
683,愤怒→悲伤,什么都没更！！居然没有一篇！！！痛哭,3,愤怒,2,0.9939704,0.00050755515,4.1649946e-06,0.9939704,0.005516757,1.300017e-07,1.024401e-06,标签错误,悲伤,中,痛哭，失落难过为主,标签错误
682,愤怒→悲伤,TMD，六点上车现在还在珠海兜，以后都不敢去澳门的节奏…,3,愤怒,2,0.99378407,0.00048271654,1.362631e-06,0.99378407,0.0057085496,5.651615e-07,2.2711558e-05,标签正确,愤怒,中,TMD抱怨兜路，不满指责,标签正确
681,愤怒→悲伤,但是发现被他可爱的外表给欺骗了。,3,愤怒,2,0.9937797,0.0025517954,7.813122e-07,0.9937797,0.003666585,1.1590211e-07,9.5279e-07,标签错误,悲伤,中,被欺骗后失望，非愤怒,标签错误
680,愤怒→悲伤,我悲伤的发现我们的公主还是向主流缴了械投了降 上康熙做宣传真的不是一个像她这样的歌手会做的事 新专辑里大多数都是自己写的词曲几乎是可以为新出道的少女偶像歌手量身定做的 换副嗓音换副唱腔便连一点陈珊妮的影子都找不到了 唉~最终还是被主流吞噬 我真的很不爱这张,3,愤怒,2,0.9936354,0.00062582246,2.957938e-06,0.9936354,0.0057354774,1.256825e-08,2.8089087e-07,标签错误,悲伤,高,明确悲伤，对偶像失望哀叹,标签错误
679,愤怒→悲伤,5555~~·坏蛋，坏蛋！,3,愤怒,2,0.9935993,0.0013099766,6.330342e-07,0.9935993,0.005089421,2.3471177e-08,6.6124306e-07,边界模糊,愤怒,低,坏蛋似嗔怪，情绪强度弱难定,边界模糊
678,愤怒→悲伤,从此以后，我的寂寞与你的关怀无关；,3,愤怒,2,0.9935935,0.0033176162,3.137662e-06,0.9935935,0.0030854298,7.265212e-08,2.0335006e-07,标签错误,悲伤,高,寂寞失落，非愤怒,标签错误
677,愤怒→悲伤,已与社会脱节，想出去又没胆量了，感觉自己患上社交恐惧了，想说又没地说，唉，活得越来越累,3,愤怒,2,0.9935348,0.00032745104,2.9736464e-06,0.9935348,0.0061310004,2.1151343e-06,1.6057799e-06,标签错误,焦虑,中,社交恐惧与累，偏焦虑,标签错误
676,愤怒→悲伤,当了4年的全职妈妈，我不知道我能干什么？,3,愤怒,2,0.9935196,0.0013039712,1.7934623e-06,0.9935196,0.0051735598,1.1382569e-08,1.0288237e-06,标签错误,焦虑,中,迷茫担忧未来，非愤怒,标签错误
675,愤怒→悲伤,头有点疼、有点晕…,3,愤怒,2,0.9934376,0.00016008569,9.539782e-07,0.9934376,0.006401202,7.781507e-08,8.5059035e-08,边界模糊,悲伤,低,仅述身体不适，无情绪信息,边界模糊
674,愤怒→悲伤,当你非常想抽一支烟的时候却找遍了所有地方都没有的那种失落感谁体会过！,3,愤怒,2,0.9934048,0.0013808846,3.354199e-06,0.9934048,0.0052041505,2.6268095e-08,6.795004e-06,标签错误,悲伤,高,明确失落感，非愤怒,标签错误
673,愤怒→悲伤,洗澡洗到冷水，那是一种怎样的感觉。(2015.11.17),3,愤怒,2,0.99339455,0.0006295699,1.2051328e-06,0.99339455,0.0059701004,3.3158462e-06,1.2893429e-06,边界模糊,悲伤,低,仅陈述事件，情绪不明,边界模糊
672,愤怒→悲伤,看一部两个多小时的电影，觉得无聊又无美感，惋惜于已经看了一半，又不得不耐着性子看完（这是什么心态…,3,愤怒,2,0.9933931,0.0008181421,2.3079176e-06,0.9933931,0.0057829693,3.2255684e-08,3.3991976e-06,标签错误,悲伤,中,无聊惋惜无奈，非愤怒,标签错误
671,愤怒→悲伤,今天腰受凉了，弯了一会儿而已，哎西吧,3,愤怒,2,0.99329644,0.0010400219,1.0220969e-06,0.99329644,0.0056621423,7.7764994e-08,2.9145932e-07,标签错误,悲伤,中,腰受凉无奈哀叹，非愤怒,标签错误
670,愤怒→悲伤,发现上次的经历给我留下了心理阴影，一上生药课就想起那个无助的场景，不开心,3,愤怒,2,0.99325526,0.0006626411,2.752729e-06,0.99325526,0.0060784603,1.179704e-08,8.7364697e-07,标签错误,悲伤,高,心理阴影不开心，悲伤主导,标签错误
669,愤怒→悲伤,还悲痛个毛啊！,3,愤怒,2,0.99320704,0.0009174422,1.2847009e-06,0.99320704,0.005873066,2.878214e-07,8.2850164e-07,标签错误,愤怒,中,反驳语气带不满，愤怒主导,边界模糊
668,愤怒→悲伤,今天的理综真糟糕。,3,愤怒,2,0.99313945,0.0002686967,1.6153883e-06,0.99313945,0.006584292,2.1710697e-08,5.862141e-06,标签错误,悲伤,中,理综糟糕，失落沮丧,标签错误
666,愤怒→悲伤,麻痹滴呦，好不容易碰到个下雨一整天不用上课的悠闲时间可以好好放松睡觉，哎，苦逼的我还要忙七忙八，可怜噢,3,愤怒,2,0.99308115,0.0005521652,2.5089907e-06,0.99308115,0.0063630086,1.2507311e-07,1.1184202e-06,标签错误,悲伤,中,吐槽苦逼可怜，悲伤无奈,标签错误
665,愤怒→悲伤,衰，好不容易下定决心充个爱奇艺会员结果呢？这才看了几天呀！密码就给盗了...欲哭无泪啊！,3,愤怒,2,0.99307185,0.00027737935,8.7642695e-07,0.99307185,0.0066489135,1.6300592e-07,9.244977e-07,标签错误,悲伤,高,密码被盗欲哭无泪，悲伤,标签错误
664,愤怒→悲伤,也是醉了，刚在超市买的一堆东西就丢了，不知道落哪了，回家又饿肚子。。。,3,愤怒,2,0.99301034,0.00021654244,1.3611611e-06,0.99301034,0.0067710318,2.9518967e-08,5.65491e-07,标签错误,悲伤,中,丢东西饿肚子，无奈悲伤,标签错误
663,愤怒→悲伤,上微生物的课看寄生虫老师布置的作业，谁让明天考试呢，然后……然后我就被微生物老师提问了，真的是醉啦,3,愤怒,2,0.9929575,0.00076003995,2.0045572e-06,0.9929575,0.0062789284,2.2219233e-08,1.5958285e-06,标签错误,悲伤,中,被提问无奈，醉啦表沮丧,标签错误
662,愤怒→悲伤,好无聊的说，这种日子还要过多久,3,愤怒,2,0.99293256,0.0002550707,6.29055e-07,0.99293256,0.0068113115,2.004309e-07,1.5310007e-07,标签错误,悲伤,中,无聊日子难熬，无奈失落,标签错误
661,愤怒→悲伤,也是忍不下自己做的荤菜了，自己都吃不下，还是继续素菜和煲汤吧,3,愤怒,2,0.9929126,0.0012008594,3.928663e-06,0.9929126,0.005881819,7.825338e-08,7.669347e-07,标签错误,悲伤,中,忍不下荤菜，无奈自嘲,标签错误
660,愤怒→悲伤,如果是有意；是糊涂，如果真不懂。,3,愤怒,2,0.9929107,0.0030698157,9.421429e-07,0.9929107,0.0040158555,1.855715e-07,2.5519407e-06,边界模糊,愤怒,低,文本太短，情绪指向不明,边界模糊
659,愤怒→悲伤,想买件羽绒服一千多学生党来不起啊,3,愤怒,2,0.9928964,0.00074662344,5.7514403e-06,0.9928964,0.0063476553,8.0085226e-07,2.7812118e-06,标签错误,悲伤,中,学生党买不起，无奈失落,标签错误
658,愤怒→悲伤,14号一早出发的现在17号了身体还没缓过来头昏...果然年纪大了,3,愤怒,2,0.99289036,0.00063408073,2.1791082e-06,0.99289036,0.006472818,7.3508495e-08,4.934678e-07,标签错误,悲伤,中,身体不适感叹年纪大，无奈,标签错误
657,愤怒→悲伤,计划了美好的一天心情美美的出门然后摊上一堆烂事心塞着回家,3,愤怒,2,0.99286324,0.0020198016,2.542578e-06,0.99286324,0.0051125647,2.241958e-08,1.8380936e-06,标签错误,悲伤,中,心塞着回家，侧重受挫难受,标签错误
656,愤怒→悲伤,头发太长太长，实践证明我这种懒人不适合留太长的头发，现在迫不及待地想剪个短发，可那种好看啊？愁人……,3,愤怒,2,0.9928227,0.0002743201,2.742518e-06,0.9928227,0.006898091,3.6288654e-08,2.1360709e-06,标签错误,焦虑,中,愁人，纠结剪发选择,标签错误
655,愤怒→悲伤,心好累好累好累都说了不吃不吃还是照样做做做哎好累啊啊啊啊,3,愤怒,2,0.99257666,0.00020960049,3.7367427e-06,0.99257666,0.0072088316,6.116198e-08,1.0184422e-06,标签错误,悲伤,中,心好累，内心疲惫无奈,标签错误
654,愤怒→悲伤,太又桑啊！！！！！！！！！！！,3,愤怒,2,0.9925249,0.0019947914,1.6101372e-06,0.9925249,0.0054763155,9.529682e-07,1.3977433e-06,边界模糊,悲伤,低,太又桑语义不明，无法判定,边界模糊
653,愤怒→悲伤,老了…扭个脚跟没命了一样，痛死我了，痛死我了痛死我了,3,愤怒,2,0.9925092,0.00043853765,2.0510695e-06,0.9925092,0.0070495848,2.4483873e-07,3.9639656e-07,标签错误,悲伤,中,扭脚痛死，痛苦哀叹,标签错误
652,愤怒→悲伤,昨晚李串串这么一吃一喝，今天重感,3,愤怒,2,0.99248135,0.0008762397,4.6600244e-06,0.99248135,0.006636587,1.0187474e-06,1.3406088e-07,边界模糊,悲伤,低,陈述重感，无明显情绪词,边界模糊
651,愤怒→悲伤,唉~~~~~~~没状态啊回宿舍睡觉去~~~~,3,愤怒,2,0.9923684,0.000838875,1.7084201e-06,0.9923684,0.00678877,3.2951515e-08,2.2276497e-06,标签错误,悲伤,中,唉声叹气没状态，失落,标签错误
649,愤怒→悲伤,发的餐补也好＂可爱＂[眼泪],3,愤怒,2,0.9922497,0.0035048642,4.406864e-06,0.9922497,0.0042382744,2.401196e-07,2.4336061e-06,标签错误,悲伤,中,带泪表情，无奈自嘲，非愤怒,标签错误
648,愤怒→悲伤,妈的，好多东西要做，我好烦好想哭,3,愤怒,2,0.992038,0.00028004716,3.034637e-06,0.992038,0.0076782038,2.322188e-08,6.596729e-07,边界模糊,愤怒,低,骂脏话又烦想哭，愤怒悲伤并存,边界模糊
647,愤怒→悲伤,说好的运动会，硬生生拖了两个星期，伤不起啊。。。。,3,愤怒,2,0.99202466,0.000112867005,1.2227272e-06,0.99202466,0.007860338,2.739318e-08,8.0370535e-07,标签错误,悲伤,中,伤不起表无奈失落，非愤怒,标签错误
646,愤怒→悲伤,石仔啊石仔，你最近怎么这么脆弱呢，数数你这最近哭过几次，有毛线好伤心掉泪的，哭你妹，其实感觉他们下班了都八点了，酉哥你下课吧[汗],3,愤怒,2,0.99199885,0.0004578211,3.916623e-06,0.99199885,0.007538618,1.05082e-07,7.8538017e-07,标签错误,悲伤,中,自责脆弱哭泣，属悲伤,标签错误
645,愤怒→悲伤,（喜欢一个人是奋不顾身，只是做到了却很少了！纯粹的喜欢在哪里？连这个孤勇都没有）致自己,3,愤怒,2,0.99195826,0.0064834706,2.8890304e-06,0.99195826,0.0015545014,3.1244927e-08,8.649215e-07,标签错误,悲伤,中,感慨纯粹喜欢难寻，失落,标签错误
644,愤怒→悲伤,[泪]纠结啊，[泪][泪],3,愤怒,2,0.9919286,0.0003375113,7.5917233e-06,0.9919286,0.007483472,2.8491206e-06,0.00024005024,标签错误,焦虑,中,纠结带泪，属焦虑不安,标签错误
641,愤怒→悲伤,今天真的是太冷了，而且今天超困，所以变得更冷了。。。,3,愤怒,2,0.99170387,0.00047919957,4.3161162e-06,0.99170387,0.007812113,6.084488e-08,3.8334537e-07,边界模糊,悲伤,低,陈述冷困，无明显情绪,边界模糊
640,愤怒→悲伤,可能真的不适合大城市快节奏的生活，心累,3,愤怒,2,0.99168044,0.00032555012,4.2852703e-06,0.99168044,0.007989058,5.413933e-08,6.035721e-07,标签错误,悲伤,高,心累无奈，属悲伤,标签错误
639,愤怒→悲伤,有这么多想看的书、电影、球赛、电视剧，还有欠下的数十门Coursera的课程，几个月积累下来的文章、播客，更别提清单上的游戏、漫画、餐馆、博物馆、展览了。我想一个人静静,3,愤怒,2,0.9916347,0.004174786,1.5653304e-05,0.9916347,0.004169954,6.8754865e-08,4.775514e-06,标签错误,焦虑,中,任务堆积想静静，焦虑压力,标签错误
638,愤怒→悲伤,俺在感慨上天的不公。,3,愤怒,2,0.9915372,0.0010191799,1.1014163e-06,0.9915372,0.0074418318,1.0517002e-07,5.9387713e-07,标签错误,悲伤,中,感慨上天不公，哀叹无奈,标签错误
637,愤怒→悲伤,大雨天，只想戴着JustinBieber去健身房🏃，现实却是拎着一堆图纸去上班,3,愤怒,2,0.9914369,0.0006558674,8.7644213e-07,0.9914369,0.00790589,2.2238291e-08,4.1616332e-07,边界模糊,悲伤,低,吐槽无奈，无明确愤怒或悲伤,边界模糊
636,愤怒→悲伤,我过不去啊，最不想看到你这个造型，那意味着你的尴尬和屈辱，那意味着我曾经难过的眼泪和为你不平的心伤。,3,愤怒,2,0.9913169,0.0014321468,1.3484453e-06,0.9913169,0.0072490782,1.5841113e-07,3.4437153e-07,标签错误,悲伤,高,心伤难过，主导悲伤,标签错误
635,愤怒→悲伤,他到底犯了什么天大的错挡了多少人的路，为什么总有人不放过他？,3,愤怒,2,0.99130344,0.0014190573,6.2195363e-07,0.99130344,0.0072763693,2.6255162e-08,3.7690236e-07,标签正确,愤怒,高,指责他人不放过他,标签正确
634,愤怒→悲伤,都有一种不想干的念头了。。有时候在想现在每天这样的忙碌的工作到底是为了什么。压力好大啊。好累。,3,愤怒,2,0.99127495,0.0002592724,6.389549e-06,0.99127495,0.008449885,1.0393589e-07,9.416998e-06,标签错误,焦虑,中,压力大累，焦虑无奈,标签错误
633,愤怒→悲伤,等待offer和学雅思的过程，真的很难,3,愤怒,2,0.9911742,0.0008654872,6.741976e-06,0.9911742,0.007907271,1.711073e-05,2.9080917e-05,标签错误,焦虑,高,等待offer焦虑,标签错误
632,愤怒→悲伤,007各种情节拼凑，浪费了偶三小时，出门前还好好的青岚抺茶栗子磅蛋糕，回到家已成焦炭,3,愤怒,2,0.99111664,0.004792446,3.3339477e-06,0.99111664,0.0040869955,4.521974e-08,5.225472e-07,标签正确,愤怒,中,吐槽电影浪费三小时,标签正确
630,愤怒→悲伤,从早上七点上到晚上九点……宝宝心好累啊,3,愤怒,2,0.9910585,0.00020730817,2.1623925e-06,0.9910585,0.008730551,2.4322542e-08,1.4351998e-06,标签错误,悲伤,中,心累，无奈悲伤,标签错误
629,愤怒→悲伤,很多事情都不会如你的意愿，比如。。。。。我想被拍的好看一点，结果却成了这个鬼样子,3,愤怒,2,0.990967,0.0008418814,1.2833104e-06,0.990967,0.008189411,3.5473267e-08,3.660575e-07,标签错误,悲伤,中,结果不如意，失落,标签错误
628,愤怒→悲伤,然后不安稳的睡睡醒醒到现在..,3,愤怒,2,0.9909384,0.00055124395,6.065933e-06,0.9909384,0.008503263,2.8625276e-08,9.474907e-07,标签错误,焦虑,中,睡不安稳，焦虑,标签错误
627,愤怒→悲伤,好不容易可以睡了，也困得不行了，却因为鼻塞不通无法入睡这滋味真酸爽,3,愤怒,2,0.9909183,0.00051029114,3.9984493e-06,0.9909183,0.008566707,9.476717e-08,5.453541e-07,标签错误,悲伤,中,鼻塞无法入睡，无奈,标签错误
626,愤怒→悲伤,惨绝人寰一个晚上让写三十份材料之前干嘛去了真羡慕那些晚上很精神的人困死了几年都没这样写,3,愤怒,2,0.99090683,0.000800966,3.72109e-06,0.99090683,0.008285975,4.322616e-08,2.4188162e-06,标签错误,焦虑,中,吐槽任务繁重，主导是烦躁焦虑,标签错误
625,愤怒→悲伤,要下一周的雨，无法表达的心情。。。,3,愤怒,2,0.9908494,0.00094123447,2.0391956e-06,0.9908494,0.008205793,5.300094e-07,1.0273776e-06,边界模糊,悲伤,低,仅表达无奈心情，情绪信息不足,边界模糊
624,愤怒→悲伤,以前觉得工作可好找了现在还找工作了都找了1月月快俩月了还找不见工作快愁死我了,3,愤怒,2,0.9908119,0.000117704905,5.2620635e-06,0.9908119,0.009057902,1.3461108e-07,7.0671927e-06,标签错误,焦虑,高,找不到工作快愁死，明显焦虑,标签错误
623,愤怒→悲伤,累的鼻毛都掉了，然后人家说不做了,3,愤怒,2,0.9907872,0.00029977047,2.9936305e-06,0.9907872,0.008909422,2.8891693e-08,6.0924185e-07,边界模糊,悲伤,低,文本太短，情绪指向不明,边界模糊
622,愤怒→悲伤,用了一整瓶消毒液洗浴缸现在浑身疼我想静静,3,愤怒,2,0.9907707,0.00020483717,9.720679e-07,0.9907707,0.00902322,7.691417e-08,1.5395933e-07,标签错误,悲伤,中,浑身疼想静静，侧重难受无奈,标签错误
621,愤怒→悲伤,我的钱，拜拜👋握在手里还没捂热就要拜拜了，心好痛,3,愤怒,2,0.9906866,0.0009779707,1.6565864e-06,0.9906866,0.008325493,7.520586e-06,7.2978236e-07,标签错误,悲伤,高,钱没了心好痛，明显悲伤,标签错误
620,愤怒→悲伤,又到了长痘痘的时候，简直疼爆了，getaway！！！,3,愤怒,2,0.99063057,0.0005521337,1.4831735e-06,0.99063057,0.008815002,2.655543e-08,7.1093433e-07,标签错误,悲伤,中,长痘疼爆，侧重痛苦难受,标签错误
619,愤怒→悲伤,最后一节医用心理学其实明明就不是我们学的内容才对啊终于上完了祝挂科难,3,愤怒,2,0.9905973,0.00029320072,3.7935067e-06,0.9905973,0.009104938,2.8687083e-07,4.7202732e-07,边界模糊,开心,低,终于上完带解脱感，难判主情绪,边界模糊
618,愤怒→悲伤,真的想出去走走，很累·很累！什么叫疲劳过度呀、说要头顶针灸，吓死我么,3,愤怒,2,0.9905227,0.00072797935,5.4392726e-06,0.9905227,0.00856606,0.0001201013,5.7719615e-05,标签错误,焦虑,中,疲劳过度吓死，侧重担忧恐惧,标签错误
616,愤怒→悲伤,女生大二时急着找男朋友是因为终于发现了大学生活是多么的空虚和无聊。,3,愤怒,2,0.9902936,0.002300705,8.763069e-07,0.9902936,0.007146247,2.1622293e-07,0.00025825872,边界模糊,悲伤,低,陈述现象，无明显情绪表达,边界模糊
615,愤怒→悲伤,每次起床上早课都是不到快迟到不起床太痛苦了,3,愤怒,2,0.9902531,0.00042874622,1.1532287e-05,0.9902531,0.009302965,1.6568383e-07,3.5670955e-06,标签错误,悲伤,中,起床痛苦，内心受挫难受,标签错误
614,愤怒→悲伤,总是顾及别人的感受!谁曾顾及过我的感受!心好累!,3,愤怒,2,0.9901744,0.00060601375,1.7211564e-06,0.9901744,0.009215807,1.3651625e-08,2.0680602e-06,标签错误,悲伤,高,心累委屈，非指责攻击,标签错误
613,愤怒→悲伤,每天都是差心情！如果再回到从前……,3,愤怒,2,0.99017394,0.00053542637,3.4545499e-06,0.99017394,0.009286715,1.0504159e-08,4.490742e-07,标签错误,悲伤,高,差心情怀旧，哀叹失落,标签错误
612,愤怒→悲伤,没有逻辑思维的人伤不起啊！！！,3,愤怒,2,0.99010545,0.0022475016,4.9052646e-06,0.99010545,0.0076368866,2.2624053e-07,5.0402778e-06,标签错误,悲伤,中,无奈吐槽，非愤怒指责,标签错误
611,愤怒→悲伤,被影响了好心情现在这样不是我想要的,3,愤怒,2,0.9899442,0.0002994674,1.6434768e-06,0.9899442,0.009754333,1.6294665e-08,3.2408795e-07,标签错误,悲伤,中,好心情被影响，失落无奈,标签错误
610,愤怒→悲伤,还是显得很无力。,3,愤怒,2,0.9898992,0.00059413095,3.9204283e-06,0.9898992,0.00949716,4.3971287e-08,5.519508e-06,边界模糊,悲伤,低,文本太短，情绪信息不足,边界模糊
609,愤怒→悲伤,刚才看到说寂寞的人都会随身带手机，真的哎，这样即使别人都有伴儿我也不会尴尬，因为我有手机哼！,3,愤怒,2,0.98983055,0.0072267423,1.6997029e-06,0.98983055,0.002934742,2.6771707e-07,6.1050782e-06,标签错误,悲伤,中,孤独自嘲，非愤怒,标签错误
608,愤怒→悲伤,重度失眠ing……我想去考营养师,3,愤怒,2,0.98959094,0.0010564639,1.1624162e-05,0.98959094,0.008988974,3.4689668e-07,0.00035171543,边界模糊,焦虑,低,失眠陈述，情绪不明显,边界模糊
606,愤怒→悲伤,从明天起做个幸福的人 喂牛上网宅在家里 从明天起关心粮食和蔬菜 我有一所房子 面朝大海春暖花开 给每一种毒药取个温暖的名字 苏丹红吊白块淋巴肉黄曲霉素 愿有情人终成官员家属 我只愿面朝大海天天挤牛奶,3,愤怒,2,0.9894823,0.005626099,1.6928949e-05,0.9894823,0.0048723742,8.474586e-07,1.486467e-06,标签错误,悲伤,中,反讽无奈，非愤怒攻击,标签错误
605,愤怒→悲伤,想要2000买一张票去西藏，最近心情很不好,3,愤怒,2,0.9894749,0.00015233965,1.95828e-06,0.9894749,0.010370399,5.4826497e-08,3.7837899e-07,标签错误,悲伤,高,心情不好，悲伤失落,标签错误
604,愤怒→悲伤,39.已经三开头了，TMD，科科不行嗷嗷错。考研以来，头一回上这么大火，牙也疼，三个口腔溃疡一起来找我玩，重点是有一个都不TM知道起在哪了。没救了。MLGB,3,愤怒,2,0.98935306,0.00038756276,2.3190858e-06,0.98935306,0.010255626,7.357331e-07,6.8479835e-07,标签正确,愤怒,高,TMD、MLGB、上大火，主导为愤怒,标签正确
603,愤怒→悲伤,最近怎么这么冷…,3,愤怒,2,0.9893105,0.0005283086,1.0083442e-05,0.9893105,0.010150189,5.5067136e-07,4.4961553e-07,边界模糊,悲伤,低,仅感叹天气冷，无明确情绪,边界模糊
602,愤怒→悲伤,只怪自己太年轻，是人是狗没分清！,3,愤怒,2,0.9889365,0.001036224,2.1828164e-06,0.9889365,0.010024208,1.5152073e-08,9.3881494e-07,标签正确,愤怒,中,骂人是狗，指责他人，愤怒,标签正确
601,愤怒→悲伤,又想吃板栗啊，没时间去买啊，开会开到现在还没结束饿死我了,3,愤怒,2,0.9889292,0.00012359433,2.757682e-06,0.9889292,0.010943775,1.4383343e-08,6.093498e-07,标签错误,焦虑,中,饿且会未结束，烦躁焦虑,标签错误
600,愤怒→悲伤,十二点就爬上床睡觉，到现在都没睡着,3,愤怒,2,0.9887664,0.00015330384,1.951183e-06,0.9887664,0.011077402,1.6513646e-08,8.775527e-07,标签错误,焦虑,中,睡不着，烦躁不安,标签错误
599,愤怒→悲伤,人穷志短是常识贫穷，愚昧，自私，贪婪哎，说真的，前几十年的担惊受怕，穷苦挨饿都刻到骨子里去了转发微博,3,愤怒,2,0.9887213,0.0033851983,1.4000305e-05,0.9887213,0.0078654485,1.9368532e-07,1.3888241e-05,标签错误,悲伤,中,哀叹贫穷愚昧，无奈悲伤,标签错误
598,愤怒→悲伤,明天有考试11点就努力睡觉的我失败了在国内的时候我可是个沾枕头就能睡着的人啊,3,愤怒,2,0.9885534,0.001130338,2.3366508e-06,0.9885534,0.010308289,4.157396e-07,5.2950672e-06,标签错误,焦虑,中,考试前睡不着，紧张焦虑,标签错误
597,愤怒→悲伤,计划里应该是直接迁移系统装机OK结果过程并没有这么顺利,3,愤怒,2,0.98846126,0.000454229,8.153498e-06,0.98846126,0.011072595,5.995585e-08,3.7399418e-06,标签错误,悲伤,中,计划不顺，失落无奈,标签错误
595,愤怒→悲伤,真心想把自己脑袋摘了，落枕，变成侧颈了，头也抬不高，不一会就一身汗，累死我了,3,愤怒,2,0.98822194,9.4518364e-05,1.6674582e-06,0.98822194,0.011681616,2.576688e-08,1.9330469e-07,标签错误,悲伤,中,落枕难受，累，无奈悲伤,标签错误
594,愤怒→悲伤,11月中在宿舍睡个午觉会出一身汗，特么我还是穿着吊带睡的,3,愤怒,2,0.98812896,0.00032115862,1.5444756e-06,0.98812896,0.011547936,4.2101636e-08,3.025732e-07,标签错误,悲伤,低,吐槽出汗，无奈烦躁,标签错误
592,愤怒→悲伤,要老命了，最近睡晚。。。现在睡不着了。。。我擦,3,愤怒,2,0.98786175,0.00031718626,3.4576306e-06,0.98786175,0.011814826,3.900694e-08,2.6667356e-06,标签错误,焦虑,中,睡不着烦躁，偏焦虑非愤怒,标签错误
590,愤怒→悲伤,深刻体会贫贱夫妻百事哀啊！,3,愤怒,2,0.9875414,0.0015460043,2.0519624e-06,0.9875414,0.01090972,1.6228529e-07,7.083302e-07,标签错误,悲伤,高,哀叹贫贱夫妻，悲伤无奈,标签错误
589,愤怒→悲伤,→_→明天开始上八天直落八天没得睡懒觉八天没得睡懒觉我想一个人静静,3,愤怒,2,0.98738235,0.0007203332,3.916073e-06,0.98738235,0.011890726,4.2088764e-08,2.679372e-06,标签错误,悲伤,中,连上八天班想静静，无奈失落,标签错误
588,愤怒→悲伤,总是不能做自己喜欢的事、不能过自己想要的生活、也无法拥有想要的爱情…,3,愤怒,2,0.9873679,0.004574482,2.1577016e-06,0.9873679,0.008052055,1.507298e-07,3.129806e-06,标签错误,悲伤,高,无法拥有想要的生活，失落,标签错误
587,愤怒→悲伤,出去丢了下垃圾，回来门锁就打不开了，然后钥匙断里面了,3,愤怒,2,0.9870653,0.00032638313,1.3994414e-06,0.9870653,0.012606481,2.7723493e-07,2.0372485e-07,标签错误,悲伤,中,倒霉事吐槽，内心受挫难受,标签错误
586,愤怒→悲伤,噫吁兮，真的是画吐的不要不要的，我们每天有十张，有十张，有十张，累的颈椎又犯病了。wtf~,3,愤怒,2,0.9866853,0.0005027619,3.4853422e-06,0.9866853,0.012806974,1.4177404e-08,1.347776e-06,标签错误,悲伤,中,累到犯病吐槽，无奈疲惫,标签错误
585,愤怒→悲伤,大连没个好.,3,愤怒,2,0.9866642,0.0020700537,2.4797564e-06,0.9866642,0.011256683,5.268248e-07,6.1129394e-06,边界模糊,愤怒,低,文本太短，情绪信息不足,边界模糊
584,愤怒→悲伤,[跪了][跪了][跪了] Agoni_YXX:湖南的首例刚献给了来长沙探亲的武汉阿姨了[跪了],3,愤怒,2,0.9866356,0.005511893,6.3827494e-05,0.9866356,0.0044906065,0.0032891757,8.858033e-06,标签错误,恐惧,中,跪了表情，恐慌担忧疫情,标签错误
582,愤怒→悲伤,曾经有一条围巾摆在我面前，我没有珍惜，直到失去，我才发现，怎么TM这么冷，嗖嗖的往脖子里灌风啊,3,愤怒,2,0.9864439,0.0010162162,1.255486e-06,0.9864439,0.012538315,1.0006644e-07,1.9646372e-07,标签错误,悲伤,中,后悔没珍惜围巾，懊悔无奈,标签错误
580,愤怒→悲伤,半夜胃痛停不下来..也许是吃了一天泡面以后，晚上跑出去加餐的报应真是好了伤疤忘了痛,3,愤怒,2,0.9861545,0.00069663464,2.7521617e-06,0.9861545,0.013145096,2.9737777e-07,8.059287e-07,标签错误,悲伤,中,胃痛自嘲报应，难受无奈,标签错误
579,愤怒→悲伤,今天复诊完牙疼得眼泪直打转整个人都不好，希望晚上能睡个好觉吧。,3,愤怒,2,0.98591214,0.00030207977,2.7662322e-06,0.98591214,0.013282323,1.2360476e-07,0.0005005428,标签错误,悲伤,高,牙疼难受，主导为悲伤无奈,标签错误
578,愤怒→悲伤,"我的money,money,money就这样灰奏了",3,愤怒,2,0.98585236,0.0013382443,1.9312783e-06,0.98585236,0.012807278,4.1023615e-08,1.3309284e-07,标签错误,悲伤,高,钱没了，失落无奈,标签错误
577,愤怒→悲伤,全身疼炸了，感觉已经到身体极限了，难受的我想吐,3,愤怒,2,0.9857313,0.00016063094,9.74616e-07,0.9857313,0.014106866,2.0257701e-08,1.6723686e-07,标签错误,悲伤,高,身体疼痛难受，非愤怒,标签错误
576,愤怒→悲伤,嘴巴泡了，果然肿肿的性感多了，然后第二天就更肿了还带点疼！,3,愤怒,2,0.9856312,0.0064884066,1.0410159e-06,0.9856312,0.007879036,4.363631e-08,2.0832654e-07,边界模糊,悲伤,低,自嘲嘴肿，情绪信息弱,边界模糊
575,愤怒→悲伤,做了一晚的账，残存的橡皮，和狼藉满桌的橡皮灰。然而，我还没有弄完…,3,愤怒,2,0.9855929,0.00050425547,4.2949805e-06,0.9855929,0.013897192,4.0867267e-08,1.3549886e-06,标签错误,悲伤,中,熬夜做账未完成，无奈沮丧,标签错误
574,愤怒→悲伤,一转眼就把刚才要做的事情忘记，我到底干嘛了啊？？？？,3,愤怒,2,0.98550004,0.0006603354,5.082788e-07,0.98550004,0.013837934,3.434219e-08,1.1011779e-06,标签错误,焦虑,中,忘事烦躁，偏焦虑,标签错误
573,愤怒→悲伤,还是伤不起。,3,愤怒,2,0.98546916,0.008752535,2.7785325e-05,0.98546916,0.005726023,2.689331e-06,2.1849548e-05,边界模糊,悲伤,低,文本太短，无法判定,边界模糊
571,愤怒→悲伤,本来活的挺好，一切自然，但是...生活就是这么狗血，时不时不给你来点闹心事，它就不舒，这好了，它舒服了，我们难受着👊,3,愤怒,2,0.98540014,0.00034417416,1.3805712e-06,0.98540014,0.014253867,1.1404907e-07,2.553637e-07,标签错误,悲伤,中,生活闹心，难受为主,标签错误
570,愤怒→悲伤,哎！辽宁省大区总监培训我一上午了,3,愤怒,2,0.985306,0.0007778317,1.2136675e-05,0.985306,0.013901457,1.9395775e-07,2.2711633e-06,边界模糊,悲伤,低,培训一上午，情绪不明,边界模糊
569,愤怒→悲伤,睡一宿觉醒来一看，莫名其妙的嘴肿了,3,愤怒,2,0.985283,0.00055410515,6.777849e-07,0.985283,0.014161754,3.897592e-07,9.536679e-08,标签错误,悲伤,中,嘴肿无奈，非愤怒,标签错误
568,愤怒→悲伤,染了个头发结果比以前的还黑，不开心,3,愤怒,2,0.9852293,0.0008290855,2.7180824e-06,0.9852293,0.013938426,3.224286e-08,4.6855698e-07,标签错误,悲伤,高,染发不如意，表达不开心，属悲伤,标签错误
566,愤怒→悲伤,困成🐶了，接下来的几天都不能睡懒觉了,3,愤怒,2,0.985157,0.00017729393,5.2946693e-06,0.985157,0.014659259,7.099462e-08,1.0476363e-06,标签错误,悲伤,中,困倦无奈，不能睡懒觉，偏失落,标签错误
565,愤怒→悲伤,反正我不主动联系你你也不会联系我,3,愤怒,2,0.9850376,0.0022539229,3.867745e-06,0.9850376,0.0127006285,5.737377e-07,3.3822405e-06,标签错误,悲伤,中,对方不主动联系，失落无奈,标签错误
564,愤怒→悲伤,很浅的睡了一下下就醒过来了。好不舒服啊。感觉要发烧。,3,愤怒,2,0.98498005,0.00016922402,5.6787667e-06,0.98498005,0.014842658,8.0550035e-07,1.5657963e-06,标签错误,焦虑,中,不适担心发烧，偏担忧焦虑,标签错误
563,愤怒→悲伤,太急躁，不懂得等待、谦让，所以今天和两个同学起了冲突，我感觉压力好大啊好好的孩子为什么会变成这个样子呢？我们该好好反思一下。,3,愤怒,2,0.9848977,0.0010314386,2.6098246e-06,0.9848977,0.014016585,2.543121e-07,5.1466664e-05,标签错误,焦虑,中,冲突后压力大反思，偏焦虑,标签错误
561,愤怒→悲伤,她早年没读过几天教科书，多年来又忙于谋生，不读书不看报，不注意理论学习，不主动接受宣传，没能改造世界观，结果导致良知未泯，天性犹存。,3,愤怒,2,0.98486114,0.0066282386,9.238974e-06,0.98486114,0.008499937,1.9645636e-08,1.3810983e-06,标签错误,悲伤,中,反讽哀叹，非愤怒主导,标签错误
560,愤怒→悲伤,即使开通了会员还是不显示我的微博来源，唉，浪费几十元,3,愤怒,2,0.9846011,0.00023002077,1.8004777e-06,0.9846011,0.015166736,1.1998296e-08,3.2247894e-07,标签错误,悲伤,中,浪费钱无奈叹气，偏悲伤,标签错误
559,愤怒→悲伤,一大堆的表格瞬间又影响了我的心情,3,愤怒,2,0.9840502,0.00056947017,2.2048034e-06,0.9840502,0.015377559,9.996457e-09,5.1569316e-07,标签错误,悲伤,中,表格影响心情，偏烦躁失落,标签错误
558,愤怒→悲伤,从此以后，你的空虚与我的充实无关。,3,愤怒,2,0.9838606,0.007199275,3.8580133e-06,0.9838606,0.008935746,7.320726e-08,4.6397e-07,标签错误,悲伤,中,决绝疏离，偏失落悲伤,标签错误
557,愤怒→悲伤,从一月到现在十个月了没运动过，天知道我现在有多想去操场跑上个十来圈。本想养好回去和沅姑娘一起夜跑，看起来又是遥遥无期。这种日子也是过够了。来自一个负能量爆棚的精分患者,3,愤怒,2,0.9837939,0.0014488546,1.2483725e-05,0.9837939,0.01474346,2.7511298e-08,1.2997936e-06,标签错误,悲伤,高,负能量爆棚，无奈过够了，悲伤,标签错误
556,愤怒→悲伤,今天面试第一场糟糕的不想回忆还是心理素质太差,3,愤怒,2,0.98374236,0.0006481838,1.112126e-05,0.98374236,0.015597524,1.4161597e-07,7.431506e-07,标签错误,悲伤,高,面试糟糕自责，主导为失落沮丧,标签错误
555,愤怒→悲伤,不管是前置还是后置这个像素都让我有了换电话的打算,3,愤怒,2,0.9837316,0.00044886718,2.0951793e-06,0.9837316,0.015815843,4.3724438e-07,1.2322587e-06,标签错误,悲伤,中,吐槽像素差想换机，无奈不满非愤怒,标签错误
554,愤怒→悲伤,怎么就这么见不得人好呢。。,3,愤怒,2,0.9836293,0.0005862614,3.6061863e-06,0.9836293,0.015780171,3.4309767e-08,6.6496096e-07,标签正确,愤怒,中,指责他人见不得人好，含不满,标签正确
553,愤怒→悲伤,求福建抄作业。劝完爸爸妈妈还得劝弟弟。,3,愤怒,2,0.9833891,0.0012768225,6.0081925e-06,0.9833891,0.01531285,6.4520486e-06,8.7803855e-06,边界模糊,焦虑,低,求助劝家人，情绪信息不足难判,边界模糊
552,愤怒→悲伤,小时候，奶奶和妈妈，长大了，妹妹和妈妈…我永远夹在中间，明明都是为了对方好，为何总是吵的二败俱伤。我的心比谁都痛,3,愤怒,2,0.98323894,0.00045467383,5.3286767e-06,0.98323894,0.01630048,1.10224946e-07,5.190651e-07,标签错误,悲伤,高,夹在中间心痛，主导悲伤无奈,标签错误
551,愤怒→悲伤,脑子不好使啊～七点才下班，居然又忘记打卡,3,愤怒,2,0.98319143,0.00037001874,1.8006747e-06,0.98319143,0.01643525,1.627486e-08,1.4785498e-06,标签错误,悲伤,中,忘打卡自嘲倒霉，沮丧非愤怒,标签错误
550,愤怒→悲伤,全世界每五秒钟就有一个儿童死于饥饿，这样的吃法，我心难安......,3,愤怒,2,0.9831371,0.0013007399,1.617628e-06,0.9831371,0.010785802,2.1964602e-06,0.004772622,标签错误,悲伤,中,心难安为悲悯难过，非愤怒,标签错误
549,愤怒→悲伤,可是如果我醒来发现啊阮同学没说一声就出去了会很不高兴。,3,愤怒,2,0.9830951,0.0034733745,1.4374592e-06,0.9830951,0.013410323,4.200182e-07,1.9404348e-05,标签错误,焦虑,中,担心醒来对方不在，属担忧,标签错误
548,愤怒→悲伤,我不开心的是音乐生还有那个高三的三八,3,愤怒,2,0.9822536,0.006278154,1.9888925e-05,0.9822536,0.011444567,1.10198954e-07,3.7472826e-06,标签正确,愤怒,中,不开心针对特定人，含指责,标签正确
547,愤怒→悲伤,听topik这种题已经不会了要什么自行车,3,愤怒,2,0.9818677,0.0021347504,1.3074635e-05,0.9818677,0.015981635,2.235258e-06,6.976115e-07,标签错误,悲伤,中,自嘲不会做题，无奈沮丧,标签错误
546,愤怒→悲伤,大半夜的电信网络居然出问题更苦逼的是毫无睡意_(:з)∠)_,3,愤怒,2,0.98177034,0.0005746326,1.7268661e-05,0.98177034,0.017581327,2.745106e-07,5.6193025e-05,标签错误,悲伤,中,吐槽网络故障与失眠，无奈沮丧,标签错误
544,愤怒→悲伤,好困好困啊~红血丝少女战斗力-20(๑´ㅂ`๑),3,愤怒,2,0.98171574,0.003427062,6.8135923e-06,0.98171574,0.014844869,8.6131955e-08,5.4226834e-06,边界模糊,悲伤,低,仅陈述困倦，无明确情绪,边界模糊
542,愤怒→悲伤,睡不着，却觉得很困，困还是睡不着，是我想太多吗？心情低落，一点也不开心,3,愤怒,2,0.98127973,0.0004161013,5.5979995e-06,0.98127973,0.018295763,1.8680787e-08,2.864006e-06,标签错误,悲伤,高,明确心情低落不开心,标签错误
541,愤怒→悲伤,在所有物是人非的景色里寒来暑往多少回其实你所中意的从来没变过🎇,3,愤怒,2,0.9811952,0.017555853,2.2910908e-06,0.9811952,0.0012453031,2.0054372e-07,1.1710431e-06,边界模糊,悲伤,低,文艺感慨，无明显情绪,边界模糊
540,愤怒→悲伤,因为他觉得被这个社会抛弃了，与其让你抛弃我，不如让我抛弃你。,3,愤怒,2,0.9810854,0.007804686,1.4840841e-06,0.9810854,0.011102098,5.3117144e-08,6.261601e-06,标签错误,悲伤,中,被抛弃的失落与无奈,标签错误
539,愤怒→悲伤,唉，一把辛酸泪，不够努力挂了是正常的！,3,愤怒,2,0.9810166,0.011343919,2.700578e-05,0.9810166,0.0075957784,1.6075884e-06,1.5079266e-05,标签错误,悲伤,高,辛酸泪，自责挂科难过,标签错误
538,愤怒→悲伤,真是要命！,3,愤怒,2,0.98100936,0.0014777164,7.996107e-06,0.98100936,0.01749864,2.5621007e-06,3.7142183e-06,边界模糊,愤怒,低,太短，无法判定情绪,边界模糊
537,愤怒→悲伤,遇上了最失望的一次网购。瞬间心情不好了,3,愤怒,2,0.98085254,0.0008601923,2.6420428e-06,0.98085254,0.018283976,7.549433e-08,6.141349e-07,标签错误,悲伤,高,失望网购，心情不好,标签错误
536,愤怒→悲伤,一点也不想干活感觉心累半年了老板为啥都不发工资我想走,3,愤怒,2,0.9806368,0.000306707,3.4913742e-06,0.9806368,0.019051017,5.9098905e-08,1.9723389e-06,标签错误,悲伤,中,心累无奈，欠薪想走,标签错误
535,愤怒→悲伤,运动会白忙活了，全用来缝针了，这辈子和缝针干上了,3,愤怒,2,0.98047596,0.0012793349,4.0523755e-06,0.98047596,0.018240267,1.3943186e-08,3.1713122e-07,标签错误,悲伤,中,白忙活受伤，无奈哀叹,标签错误
534,愤怒→悲伤,昨晚知道的事今天可以烦恼一整天，真是糟糕，怎么开口讲呢,3,愤怒,2,0.9802982,0.00044110997,1.769501e-06,0.9802982,0.019258667,4.3039304e-08,2.0356877e-07,标签错误,焦虑,中,烦恼纠结如何开口，偏焦虑,标签错误
533,愤怒→悲伤,…我都不知道我为什么不想睡觉可是我真的好困了…,3,愤怒,2,0.98029065,8.913083e-05,4.41543e-06,0.98029065,0.019612964,3.9554635e-08,2.8436882e-06,边界模糊,焦虑,低,困倦纠结，情绪信息弱,边界模糊
531,愤怒→悲伤,做什么都是临时抱佛脚的感觉真不好,3,愤怒,2,0.9795069,0.0019973165,8.668598e-06,0.9795069,0.018485833,1.10410994e-07,1.2077347e-06,标签错误,悲伤,中,临时抱佛脚感觉不好，偏沮丧,标签错误
530,愤怒→悲伤,昨晚就睡了五个小时，早上搭地铁站着都能睡着了……现在心情特不好,3,愤怒,2,0.9794348,0.00026263,6.510416e-06,0.9794348,0.020294696,3.626278e-08,1.3292214e-06,标签错误,悲伤,中,睡眠不足心情不好，偏沮丧,标签错误
529,愤怒→悲伤,一点儿也不喜欢这个地方除了忧伤什么也没有😂😂真心想换个地方給自己安一个小家,3,愤怒,2,0.9789626,0.013503171,9.637257e-06,0.9789626,0.0075233523,1.3929394e-08,1.3036267e-06,标签错误,悲伤,高,忧伤想换地方，明显悲伤,标签错误
528,愤怒→悲伤,是不是每个人身边都有见不得别人好的人,3,愤怒,2,0.9788745,0.0015137375,2.8767067e-06,0.9788745,0.019606572,2.2361752e-07,2.14175e-06,标签错误,愤怒,中,质问见不得人好，含不满指责,边界模糊
527,愤怒→悲伤,头晕好了，就感冒了，鼻塞喉咙痛，崩溃,3,愤怒,2,0.97879386,0.0003221411,1.5320797e-05,0.97879386,0.020851726,9.7440925e-08,1.6767079e-05,标签错误,悲伤,中,生病崩溃，偏无奈难受,标签错误
526,愤怒→悲伤,我是真的不想看凌晨的车狗大战 可是为了以防明早起床摸出手机一看发现姐姐进球了悲愤过度无法承受心肌梗塞脑溢血 于是我还是勉强督战吧,3,愤怒,2,0.97857976,0.013202974,7.4839576e-05,0.97857976,0.008125918,1.1171101e-05,5.2530595e-06,边界模糊,焦虑,低,担忧悲愤交织，难分主次,边界模糊
525,愤怒→悲伤,为什么总是找不到那个心疼我，爱我，包容我的人呢,3,愤怒,2,0.9783829,0.0068638544,2.1325757e-05,0.9783829,0.014727234,5.151058e-08,4.6399314e-06,标签错误,悲伤,高,找不到爱人，失落哀叹,标签错误
524,愤怒→悲伤,欠钱的怎么还不还钱我要穷爆肝了,3,愤怒,2,0.97831124,0.00043638976,5.8438877e-06,0.97831124,0.021243861,1.15786136e-07,2.532969e-06,标签错误,愤怒,中,欠钱不还，含指责不满,边界模糊
523,愤怒→悲伤,果然不应该浪费粮食，我现在好饿,3,愤怒,2,0.9777944,0.0008872384,1.2452095e-05,0.9777944,0.02130217,8.3639364e-08,3.7128373e-06,标签错误,悲伤,中,懊悔自责，非愤怒,标签错误
522,愤怒→悲伤,同学说他们那还有一例 也不知道是没上报还是怎么网上都没公告 东北三省真是劣势啊[泪][泪],3,愤怒,2,0.9776522,0.0010977692,4.4564928e-05,0.9776522,0.017968677,0.0030280955,0.00020868138,标签错误,悲伤,中,无奈哀叹，非愤怒,标签错误
521,愤怒→悲伤,@周鸿祎@360奇酷手机看看你们的奇酷社区吧。当初的情怀都不知道去哪里了,3,愤怒,2,0.97751963,0.015246923,1.10358715e-05,0.97751963,0.007220594,2.2131066e-07,1.6233699e-06,标签正确,愤怒,中,指责官方，不满质问,标签正确
520,愤怒→悲伤,"昨晚得知，yaba竟把牙的阴历生日给忘了，先是说不出，后又蒙出个初10，还信誓旦旦的说，对就初十。Kou,YND",3,愤怒,2,0.9775054,0.0033452637,5.1268385e-06,0.9775054,0.01914286,2.4089314e-07,1.0779365e-06,标签错误,悲伤,中,失望无奈，非愤怒,标签错误
518,愤怒→悲伤,这段时间每天上班，分不清周末和工作日，分不清白天晚上，现在我只想有一个可以睡懒觉的早晨,3,愤怒,2,0.97624457,0.008926708,1.7114051e-05,0.97624457,0.014806488,7.593264e-08,5.12736e-06,标签错误,焦虑,中,疲惫渴望休息，非愤怒,标签错误
517,愤怒→悲伤,买到一包软的红薯薯片，一天心情不会好了我就这么点想吃的东西为什么这么对我,3,愤怒,2,0.97619504,0.00069400796,1.9170307e-06,0.97619504,0.023108786,3.6855404e-08,1.7461763e-07,标签错误,悲伤,中,委屈失落，非愤怒,标签错误
516,愤怒→悲伤,多年来的老毛病...还是改不了不能一个人吃饭的毛病..今天下定决心去..还是没有跨过那个坎..还是回家了...,3,愤怒,2,0.9761025,0.0018512581,8.919443e-06,0.9761025,0.022036344,8.155177e-08,9.838949e-07,标签错误,悲伤,中,无奈沮丧，非愤怒,标签错误
515,愤怒→悲伤,1000！想买两套制服冬服set！！今年还没有买过冬服,3,愤怒,2,0.97602785,0.010133164,2.5925312e-06,0.97602785,0.013832138,8.960963e-08,4.141518e-06,边界模糊,开心,低,期待购物，无愤怒,边界模糊
514,愤怒→悲伤,打了两天麻将，肩膀痛的睡不着，啊啊啊啊啊啊,3,愤怒,2,0.97599584,0.00029610563,6.5401164e-06,0.97599584,0.02368356,4.9924648e-08,1.8018001e-05,标签错误,悲伤,中,疼痛难受，非愤怒,标签错误
513,愤怒→悲伤,真的是，没有倒霉，只有更倒霉！说好的转运呢……,3,愤怒,2,0.9758611,0.00043494307,1.5105481e-06,0.9758611,0.023702012,9.5259935e-08,2.8717355e-07,标签错误,悲伤,中,倒霉哀叹，非愤怒,标签错误
512,愤怒→悲伤,老天爷，你跟我是不是开太大玩笑了！这让我怎么办啊？就这一步之遥，却让我这么遥不可及！,3,愤怒,2,0.9754684,0.00188483,1.3022645e-06,0.9754684,0.022644479,2.5164985e-08,9.163283e-07,标签错误,悲伤,中,无奈哀叹命运，主导悲伤,标签错误
511,愤怒→悲伤,奥特曼来救救我吧，不想考试啊！！！！,3,愤怒,2,0.97545344,0.009961145,3.842523e-06,0.97545344,0.0038440425,0.010731574,6.024326e-06,标签错误,焦虑,中,不想考试，考前焦虑,标签错误
510,愤怒→悲伤,提不起劲儿来需要冬眠一个月只能休息一天我的假期啊,3,愤怒,2,0.9750123,0.00026811083,2.426208e-05,0.9750123,0.024668276,1.2210354e-07,2.6859185e-05,标签错误,悲伤,中,疲惫无奈，假期少的失落,标签错误
509,愤怒→悲伤,谁懂我此刻有多么担心多么焦躁却又发现我只能安静给予信任和等待的心情？,3,愤怒,2,0.97440445,0.0017783247,3.1466004e-06,0.97440445,0.023810497,2.3113923e-08,3.5107153e-06,标签错误,焦虑,高,担心焦躁等待，明显焦虑,标签错误
508,愤怒→悲伤,怎么发现周末这么无聊呢，上一会网，有点困了，又想睡一会觉，可是又睡不着，翻转几十分钟后，又上一会网，然后出去溜达一下，太阳大，累，又回来上会网，有点困，又想睡一会觉，又醒来，准备去吃晚饭， 怎么日子过的这么难过呢？,3,愤怒,2,0.97419137,0.00036667127,3.1226546e-06,0.97419137,0.025437493,1.9410871e-08,1.2788892e-06,标签错误,悲伤,中,无聊难过，日子难过的失落,标签错误
507,愤怒→悲伤,如果有一天，我老无所依，请把我埋在新闻联播里……,3,愤怒,2,0.97417474,0.0030468127,7.586572e-06,0.97417474,0.02276888,6.741172e-08,1.8498401e-06,边界模糊,悲伤,低,调侃式自嘲，情绪难判定,边界模糊
506,愤怒→悲伤,码了一晚上才一千多字，连毕业论文都没觉得这么痛苦。明天怎么跟导师交差,3,愤怒,2,0.97385514,0.00030054688,1.2761121e-05,0.97385514,0.02243101,5.319533e-07,0.0034000818,标签错误,焦虑,高,担心交差，明显焦虑,标签错误
505,愤怒→悲伤,仿佛回到了高中，作业还是好多，爱上了听着音乐去学习，病了我真的好想睡觉不想天天熬夜，嘴角长泡泡不能吃饭，可是……一切都会好起来。自己想想自己该做什么,3,愤怒,2,0.9737239,0.019738266,4.7359747e-05,0.9737239,0.0064826976,3.3349004e-06,4.4796716e-06,标签错误,悲伤,中,痛苦疲惫，主导悲伤,标签错误
504,愤怒→悲伤,趁手机没犯病赶紧发给微博现在📱是我老大随时准备下一秒蓝屏关机一定要坚持到周末俩ppt刚完事又来俩关键是二学历没等学完发现考试时间我给巧妙的错过了天天过的提心吊胆,3,愤怒,2,0.9734151,0.001194636,1.7056476e-05,0.9734151,0.025364894,9.8420614e-08,8.246345e-06,标签错误,焦虑,高,提心吊胆，明显焦虑,标签错误
503,愤怒→悲伤,为什么就是心里那团火，燃烧不了生活的梦想？我很想做的那些事，都是“想”而没做。是怕不成功还是怕做不好？“明天开始”“下次再来”…够了,3,愤怒,2,0.9727193,0.0028468003,8.469975e-06,0.9727193,0.024411542,2.0419727e-06,1.1828162e-05,标签错误,悲伤,中,自责无奈，主导悲伤,标签错误
502,愤怒→悲伤,我经常会因为一些小事而对一个人的好感倍增当然厌恶感也是。,3,愤怒,2,0.9726968,0.022913935,5.9896247e-06,0.9726968,0.004379081,1.5846642e-07,4.039316e-06,边界模糊,焦虑,低,仅陈述好感厌恶变化，无明显情绪,边界模糊
501,愤怒→悲伤,买了回湖北的票，又要过年了！前年很想回，去年一定要回。今年不想回！（今年我姐不回去，一个月多月看不到小果子，不开心,3,愤怒,2,0.97265434,0.0065013715,4.08098e-06,0.97265434,0.020839134,1.8976673e-08,9.768299e-07,标签错误,悲伤,高,因姐姐不回而不开心，主导悲伤,标签错误
500,愤怒→悲伤,看来我的名单得用历史上最大字号才行啊[泪],3,愤怒,2,0.9724778,0.0011785236,1.991309e-06,0.9724778,0.026341002,2.8947014e-07,4.4777016e-07,边界模糊,悲伤,低,带泪表情，吐槽无奈，情绪弱,边界模糊
499,愤怒→悲伤,今天去量了新行服，妥妥的又肥了一圈～不开森,3,愤怒,2,0.9721511,0.00543251,4.224914e-06,0.9721511,0.022411868,3.6472627e-09,2.505685e-07,标签错误,悲伤,高,变胖不开心，主导失落悲伤,标签错误
496,愤怒→悲伤,（我明白，我面前所有的繁琐我都要做到自己解决）打完这句话手机就掉脸上了觉得自己大半夜的又多愁善感了然后就去p了一张图👇终于有点困了.晚安,3,愤怒,2,0.9716249,0.020184781,1.4791895e-05,0.9716249,0.008162896,6.9987e-08,1.2520361e-05,标签错误,悲伤,中,自认多愁善感，偏悲伤,标签错误
495,愤怒→悲伤,[抓狂]我困啊！,3,愤怒,2,0.9715607,0.0006153132,3.139333e-06,0.9715607,0.02781668,7.740023e-08,4.1379644e-06,标签错误,焦虑,中,抓狂困倦，烦躁不安,标签错误
494,愤怒→悲伤,牙疼的白天睡多了，现在大晚上精神的不要不要的…………,3,愤怒,2,0.971548,0.0059274444,7.825521e-06,0.971548,0.02251458,2.7090403e-08,2.1109358e-06,边界模糊,焦虑,低,陈述睡不着，无强烈情绪,边界模糊
493,愤怒→悲伤,昨天心如死灰的时候接了我妈的电话和我说什么什么又不顺利的时候崩溃了，叫我妈不要再给我打电话了。后来她又小心翼翼的打电话和我说不期望我什么都做到最好，吃饱饭睡好觉身体好最重要，今天我爸说因为我他们都没睡好觉,3,愤怒,2,0.9715308,0.0019151474,1.7182652e-05,0.9715308,0.026523024,2.7379468e-08,1.390008e-05,标签错误,悲伤,高,心如死灰崩溃，主导悲伤,标签错误
492,愤怒→悲伤,今天穿这样😳为什么每次从镜子里拍出的脸都不太像我,3,愤怒,2,0.9714783,0.00070884277,1.2694579e-06,0.9714783,0.027811015,1.5432589e-07,4.7083682e-07,边界模糊,焦虑,低,疑惑脸不像自己，无情绪,边界模糊
491,愤怒→悲伤,昨天睡到下午两点半的结果就是现在就醒了死也睡不着了,3,愤怒,2,0.9713821,0.00038449763,2.2809678e-05,0.9713821,0.028089765,2.1216444e-08,0.00012074883,标签错误,焦虑,中,睡不着烦躁，偏焦虑,标签错误
490,愤怒→悲伤,越玩越不舒服、“Tok……蛋蛋”,3,愤怒,2,0.97138065,0.0025457647,4.4723874e-06,0.97138065,0.026067866,2.5392055e-07,9.4702426e-07,边界模糊,悲伤,低,文本太短，情绪信息不足,边界模糊
489,愤怒→悲伤,没有带鼠标的一天简直跟断了手一样难受！！,3,愤怒,2,0.9701085,0.0005561914,2.8540303e-06,0.9701085,0.029331109,8.031355e-08,1.1997474e-06,标签错误,悲伤,高,表达难受，主导情绪为悲伤,标签错误
488,愤怒→悲伤,#倒计时系列#今天生产实习答辩还是遇到了终极问题—你去实习了吗😒,3,愤怒,2,0.96915495,0.0007323603,4.987999e-06,0.96915495,0.030007662,8.402527e-06,9.154927e-05,标签错误,悲伤,中,无奈吐槽，非愤怒,标签错误
487,愤怒→悲伤,最近老是脚痛今天想睡觉痛得睡不着那种痛到骨子里的感觉又有谁能懂啊啊啊啊啊啊啊啊啊啊,3,愤怒,2,0.96862596,0.00026311356,7.801962e-06,0.96862596,0.03109868,7.717495e-08,4.386968e-06,标签错误,悲伤,高,痛到骨子里的难受，悲伤,标签错误
486,愤怒→悲伤,想睡个好觉怎么就那么难呐，崩溃！,3,愤怒,2,0.96848404,0.0005604033,3.7691086e-06,0.96848404,0.030943697,3.427763e-08,8.117807e-06,标签错误,悲伤,高,崩溃表达无奈，非愤怒,标签错误
485,愤怒→悲伤,好郁闷～～真是被自己给蠢哭了！！～～～,3,愤怒,2,0.9684377,0.0011653758,6.2065615e-06,0.9684377,0.030387146,3.5930313e-08,3.5954754e-06,标签错误,悲伤,高,郁闷被自己蠢哭，悲伤,标签错误
484,愤怒→悲伤,感觉刚写完半年总结又要交年终总结想好好在家躺一天都不行啊啊啊,3,愤怒,2,0.9681997,0.00024764027,4.096748e-06,0.9681997,0.031538196,1.3719207e-06,9.112345e-06,标签错误,悲伤,中,无奈抱怨，非愤怒,标签错误
483,愤怒→悲伤,不想上班不想走路不想吃饭只想睡觉,3,愤怒,2,0.9680025,0.001396321,6.0453085e-06,0.9680025,0.030592714,1.16291574e-07,2.32064e-06,标签错误,悲伤,中,消极无力，主导悲伤,标签错误
482,愤怒→悲伤,D13，一晚上饿得翻来覆去的，不舒服不好受眼睛好困可肚子饿到快飞起来,3,愤怒,2,0.96798885,0.0009205848,3.4632328e-06,0.96798885,0.031086167,1.48319135e-08,8.941135e-07,标签错误,悲伤,高,饿得难受，悲伤,标签错误
480,愤怒→悲伤,就是把很多事想的太简单，才会真正面对的时候觉得好难。买的软件不会用，弄不来素材，很难，真的很难……很难,3,愤怒,2,0.9679358,0.002722448,1.0466313e-05,0.9679358,0.029322505,1.6326494e-06,7.216954e-06,标签错误,悲伤,高,觉得很难，沮丧悲伤,标签错误
479,愤怒→悲伤,雪上加霜的日子……恨不得全拔了……,3,愤怒,2,0.9676325,0.005166645,2.2227978e-06,0.9676325,0.027188579,2.1070891e-06,7.9517085e-06,标签错误,悲伤,中,雪上加霜表无奈受挫，非愤怒,标签错误
478,愤怒→悲伤,釜山行釜山行在我网盘里躺了很久了但是因为是丧尸片一直不敢看在听很多看过的人都说不恐怖之后今天终于把它看完了真的超级震撼比丧尸更可怕的是丧失人性“穿过了三节车厢的怪物却没有穿过一节车厢的人心”“无私的人可能不会活到最后但是自私的人绝对不会活到最后”“听...全文,3,愤怒,2,0.96727204,0.026480706,3.4799643e-05,0.96727204,0.0056577646,0.00048593094,6.8675596e-05,标签错误,悲伤,中,感慨人性丧失，哀叹非愤怒,标签错误
477,愤怒→悲伤,我！失！眠！了！我！想！睡！觉！,3,愤怒,2,0.96644443,0.00091650273,4.459524e-06,0.96644443,0.032630328,2.4702093e-08,4.330662e-06,标签错误,焦虑,中,失眠焦灼想睡，非愤怒,标签错误
476,愤怒→悲伤,刚下夜班又接着去体检怎么烦心事全部累积到这段时间来,3,愤怒,2,0.9662968,0.00030159834,2.1856713e-05,0.9662968,0.03333724,4.8733444e-08,4.239092e-05,标签错误,焦虑,中,烦心事累积，烦躁焦虑非愤怒,标签错误
474,愤怒→悲伤,=(^.^)=，我头发变少了郁闷[泪]。,3,愤怒,2,0.96574044,0.01981978,8.009048e-05,0.96574044,0.014316082,1.4729862e-07,4.3467146e-05,标签错误,悲伤,中,头发变少郁闷，失落非愤怒,标签错误
473,愤怒→悲伤,这是为什么呢？,3,愤怒,2,0.9656092,0.0026075512,9.4837e-06,0.9656092,0.031757977,1.353969e-06,1.4444428e-05,边界模糊,焦虑,低,仅疑问句，无情绪信息,边界模糊
471,愤怒→悲伤,最近难过倒霉的事接二连三的发生，好烦好累好想去旅游,3,愤怒,2,0.9651371,0.00033497933,2.4411083e-06,0.9651371,0.034524746,1.1653464e-07,5.9111454e-07,标签错误,悲伤,中,难过倒霉好烦好累，悲伤非愤怒,标签错误
470,愤怒→悲伤,爱吃甜食的死肥宅:报应啊,3,愤怒,2,0.9648117,0.001900644,3.041169e-06,0.9648117,0.033283796,2.3213758e-07,6.289996e-07,标签错误,愤怒,低,报应啊含指责，但过短难定,边界模糊
469,愤怒→悲伤,昨晚没有做梦，确实安安静静的睡了一觉。但是！我落枕了！,3,愤怒,2,0.9647937,0.0008919232,2.4527878e-06,0.9647937,0.03431023,3.4845947e-08,1.7023439e-06,标签错误,悲伤,中,落枕无奈吐槽，非愤怒,标签错误
468,愤怒→悲伤,所以你这朵向日葵看起来再萌再可爱再好玩我都不想看到，哪怕你自己完全不当回事，我也还是不想看到。,3,愤怒,2,0.9644537,0.0055246786,2.9109924e-06,0.9644537,0.03001624,1.5122826e-08,2.3635887e-06,标签正确,愤怒,中,强烈不想看到，排斥不满,标签正确
467,愤怒→悲伤,有人问口罩拆开卖难道不会不卫生吗，我他妈感慨万千 D2O__: 源九郎:今天在街上，看到一流浪汉大爷，看别人都带口罩，他没有，他从垃圾箱捡来别人丢掉的口罩套上了，当时真的是心头一酸。那些吃野味卖野味恶性乱跑传染的，都快死绝户吧，去你八百辈祖宗吧！让全国人帮你背锅。,3,愤怒,2,0.96365744,0.00090510014,7.545486e-06,0.96365744,0.03535996,4.936099e-05,2.0548308e-05,标签正确,愤怒,高,痛骂吃野味者，主导为愤怒指责,标签正确
466,愤怒→悲伤,嘴馋吃了包龙嫂米线，已经好久好久没吃了，吃的时候很爽，重口味，好解馋，吃完很后悔，重盐重味精，又要浮肿几天了,3,愤怒,2,0.963392,0.0028418344,2.215384e-06,0.963392,0.033763617,1.366313e-08,2.7018746e-07,标签错误,悲伤,中,吃完后悔担忧浮肿，非愤怒,标签错误
465,愤怒→悲伤,晚睡的结果就是牙龈肿痛，头昏脑胀！,3,愤怒,2,0.96326226,0.000607976,3.5999883e-06,0.96326226,0.03611339,2.5467653e-08,1.2713842e-05,标签错误,悲伤,中,吐槽身体不适，无奈沮丧,标签错误
464,愤怒→悲伤,大家可不可以想象一周不洗头发的样子吗，可还是不能洗，啥时候能上学,3,愤怒,2,0.96318173,0.0003201967,1.6015387e-06,0.96318173,0.036496248,5.3346195e-08,1.3425795e-07,标签错误,焦虑,中,不能洗头盼上学，焦灼无奈,标签错误
463,愤怒→悲伤,下午强忍着把车开回家，吐了。吃了止疼药，冲了热水袋，小胡煮了红糖姜水。MD怎么又回到少女时代了啦,3,愤怒,2,0.96242666,0.0025409965,3.4384168e-06,0.96242666,0.035028737,4.1160586e-08,1.4544095e-07,标签错误,悲伤,中,身体难受吐槽，无奈沮丧,标签错误
462,愤怒→悲伤,拼了老命一大早在寒冬中起床，居然没有卵用，，继续回被窝,3,愤怒,2,0.96205956,0.0024380493,4.9546074e-06,0.96205956,0.035497114,3.771161e-08,2.941369e-07,标签错误,悲伤,中,早起无用白费劲，失落无奈,标签错误
460,愤怒→悲伤,好不容易买了个无节的鸡血藤、买回来发现压根带不上、,3,愤怒,2,0.9612184,0.0014662407,3.818228e-06,0.9612184,0.037310794,2.2987244e-08,7.699006e-07,标签错误,悲伤,中,买到却戴不上，失落沮丧,标签错误
459,愤怒→悲伤,相比于老手，更喜欢思悼想高冷的不流一滴眼泪，但是音乐真的太悲伤了然后我好想给英祖一棒槌怎么可以心理扭曲到这个地步,3,愤怒,2,0.961192,0.0045397254,5.80825e-06,0.961192,0.034262095,4.965558e-08,3.4262385e-07,标签错误,悲伤,中,音乐悲伤想哭，主导悲伤,标签错误
458,愤怒→悲伤,吴章银被念成吴章根，金变木……,3,愤怒,2,0.9608333,0.0038382541,1.8885516e-05,0.9608333,0.03530899,1.5512842e-07,4.778825e-07,边界模糊,悲伤,低,仅陈述念错名字，无情绪,边界模糊
457,愤怒→悲伤,什么时候都不能委屈自己。破驾校就素不学。,3,愤怒,2,0.9607557,0.0026604724,5.051567e-06,0.9607557,0.036576506,8.584609e-08,2.1583526e-06,标签正确,愤怒,中,骂破驾校不学，愤怒指责,标签正确
456,愤怒→悲伤,在家睡觉的第一个夜晚我居然冻醒…,3,愤怒,2,0.9606978,0.00034873595,4.144789e-06,0.9606978,0.03894819,5.0188454e-08,1.0101293e-06,边界模糊,悲伤,低,仅陈述冻醒，无明确情绪,边界模糊
455,愤怒→悲伤,很多病是因为管不住自己的嘴，很多是非也是因为管不住自己的嘴！,3,愤怒,2,0.9603984,0.011183321,8.714692e-06,0.9603984,0.028395507,1.2064746e-07,1.3973505e-05,标签正确,愤怒,中,指责管不住嘴，含批评意味,标签正确
454,愤怒→悲伤,屈臣氏会员卡激活这费劲儿！累死宝宝了！感觉好累心！,3,愤怒,2,0.9592734,0.0006575015,1.026778e-05,0.9592734,0.04005503,2.8674078e-08,3.821109e-06,标签错误,悲伤,中,侧重累心疲惫，非愤怒,标签错误
453,愤怒→悲伤,不开心……同事都是大爷……领导布置的任务让他帮我找个他们部门的资料都不愿意，还是我自己去翻找的，也就用完让他帮忙放回去而已，居然说我翻乱了想把资料扔我脸上……怪我咯？简直莫名其妙……委屈,3,愤怒,2,0.95801944,0.00043781105,1.7400633e-05,0.95801944,0.041520245,2.261621e-07,4.862482e-06,标签错误,悲伤,高,明确委屈，主导悲伤,标签错误
452,愤怒→悲伤,感冒，不能吃药，硬抗，鼻子不通气，只能靠嘴巴呼吸,3,愤怒,2,0.9578865,0.004861769,0.00017301698,0.9578865,0.029382665,0.0076953224,6.271981e-07,边界模糊,悲伤,低,陈述感冒症状，无情绪词,边界模糊
451,愤怒→悲伤,猝死的新闻还在热门这个点儿还算早睡的我怎么办,3,愤怒,2,0.957871,0.00019747141,6.9867087e-06,0.957871,0.041905448,6.8630146e-07,1.8474162e-05,标签错误,焦虑,中,担忧猝死，属焦虑,标签错误
450,愤怒→悲伤,自己还是需要人照顾的娃娃，就要给27个孩儿当妈😭😭我也好想睡,3,愤怒,2,0.9577073,0.0023831988,2.3676841e-06,0.9577073,0.03990626,5.0298603e-08,8.113821e-07,标签错误,悲伤,中,想睡无奈，偏悲伤,标签错误
449,愤怒→悲伤,🙏🙏🙏第三百五十三天。严重缺觉,3,愤怒,2,0.957645,0.0007776626,7.764292e-06,0.957645,0.04156667,7.421499e-07,2.1606827e-06,边界模糊,悲伤,低,严重缺觉，情绪不明,边界模糊
448,愤怒→悲伤,无法忘记,3,愤怒,2,0.9574008,0.037383463,3.5653632e-06,0.9574008,0.005206352,4.8023167e-06,9.5345075e-07,边界模糊,悲伤,低,太短，无法判定情绪,边界模糊
447,愤怒→悲伤,谁能告诉我明天不用考试，谁能告诉我考试可以随便抄，谁能告诉我监考老师是个好银，，，，，，对于明天，我只能说,3,愤怒,2,0.9568909,0.017409302,3.2092845e-05,0.9568909,0.025615353,3.953157e-05,1.2798283e-05,标签错误,焦虑,中,对考试担忧，属焦虑,标签错误
446,愤怒→悲伤,又多花四个小时来睡觉，我心怎么这么大？然而也并没有睡好。,3,愤怒,2,0.956713,0.00042967073,3.6458898e-06,0.956713,0.04269687,7.529518e-09,0.00015679642,标签错误,悲伤,中,自责无奈，非愤怒,标签错误
445,愤怒→悲伤,请问我老公是谁？我都不知道，你们怎么知道,3,愤怒,2,0.9565999,0.008150628,1.4097339e-05,0.9565999,0.0352199,2.985451e-07,1.52450075e-05,标签错误,愤怒,中,质问指责他人，属愤怒,边界模糊
444,愤怒→悲伤,本可以预想的结果，再三的交待，然因流程，几经被流转后，仍旧是原先预想的结果。,3,愤怒,2,0.9564741,0.0010999227,6.603794e-06,0.9564741,0.042391572,6.644613e-09,2.7733231e-05,标签错误,悲伤,中,无奈哀叹，非愤怒,标签错误
443,愤怒→悲伤,我站得太久说的太久了我自己都累了，你怎么还是听不懂？,3,愤怒,2,0.95607513,0.0007956161,4.2061442e-06,0.95607513,0.043118697,2.9669852e-08,6.2734875e-06,标签正确,愤怒,中,指责对方听不懂，属愤怒,标签正确
442,愤怒→悲伤,腰和肚子上的肉肉啊！,3,愤怒,2,0.95587295,0.002698772,4.51025e-06,0.95587295,0.041419778,5.207925e-07,3.4102056e-06,边界模糊,悲伤,低,仅感叹赘肉，情绪不明,边界模糊
441,愤怒→悲伤,感觉自己快要疯掉了，怎么就对某人那么着迷,3,愤怒,2,0.9544645,0.029076213,3.1191128e-06,0.9544645,0.016451735,7.728743e-07,3.6327692e-06,标签错误,焦虑,中,着迷纠结烦躁，属焦虑,标签错误
440,愤怒→悲伤,我就是一个败家子，好好的kindle才看五本书不到就找不到了。不开心！,3,愤怒,2,0.95402706,0.0015411399,7.3030506e-06,0.95402706,0.044423237,2.9479171e-08,1.2326766e-06,标签错误,悲伤,中,自责失落不开心,标签错误
439,愤怒→悲伤,最近忙的都忘了我有个微博存在着，也是醉了,3,愤怒,2,0.95384437,0.0022100587,1.04829405e-05,0.95384437,0.04393436,2.7865827e-08,6.348672e-07,标签错误,悲伤,中,无奈吐槽，非愤怒,标签错误
438,愤怒→悲伤,要命的大学，不偿命的夏天,3,愤怒,2,0.95334005,0.0007000741,7.773965e-06,0.95334005,0.045944482,5.2121604e-06,2.3470898e-06,标签错误,悲伤,中,哀叹抱怨，非愤怒,标签错误
437,愤怒→悲伤,睡午觉都睡不着了，最近睡眠质量堪忧,3,愤怒,2,0.9532493,0.0005955791,2.538663e-05,0.9532493,0.045580078,3.0545644e-07,0.0005492888,标签错误,焦虑,中,担忧睡眠质量，属焦虑,标签错误
435,愤怒→悲伤,想念这样的晴天☀️☀️☁️，一连下了半个多月雨了💦☔️💧，🌞公公快出来吧,3,愤怒,2,0.9523878,0.045331907,9.0323186e-07,0.9523878,0.0022768811,1.8463837e-06,6.121746e-07,标签错误,悲伤,中,盼晴天，无奈哀叹，非愤怒,标签错误
434,愤怒→悲伤,——原来创业就是为了有一天能上市，也就这点出息了……,3,愤怒,2,0.9516502,0.029194117,2.0736816e-05,0.9516502,0.019102085,7.0701947e-07,3.2092852e-05,标签正确,愤怒,高,讽刺指责创业动机，含不满,标签正确
433,愤怒→悲伤,我一直以为自己是急性子来的～直到最近面对各种问题一一丢出了“啊？不知道啊。”“啊？没想好呢。”“啊？到时候再说吧。”这种答案，才觉得自己是不折不扣不靠谱的慢性子患者。急性子怎么会让自己陷入事到临头随便弄弄的随意境地，早就什么都计划打算好了吧,3,愤怒,2,0.95138305,0.0010178844,1.4551126e-06,0.95138305,0.04759459,5.729786e-08,3.0346246e-06,边界模糊,焦虑,低,自我反思，情绪平淡难判定,边界模糊
432,愤怒→悲伤,纯粹觉得这P太亮，刚好又想到有天看到2J抱抱时的哀怨，顺便就发上来，真是各种苦逼有天帝啊~~~~[挖鼻屎] 碎觉········[路过],3,愤怒,2,0.9509397,0.023366975,0.000102117396,0.9509397,0.02551646,1.1332031e-06,7.359485e-05,标签错误,悲伤,中,吐槽苦逼，侧重无奈自嘲,标签错误
431,愤怒→悲伤,淋了一晚上雨还穿着高跟鞋来回宿舍和水房两趟…,3,愤怒,2,0.95033413,0.0009990269,1.949544e-06,0.95033413,0.0486646,2.6403276e-08,2.615094e-07,标签错误,悲伤,中,淋雨奔波，委屈无奈,标签错误
429,愤怒→悲伤,对于本职工作，我极度专注认真且效率极高，涉及金额的部分精准到小数点后两位且保持零差错，其它零零碎碎的事也从不拖延，领导想到想不到的都会先想到做好…我根本不想当什么优秀员工也不是出于对工作的热爱,3,愤怒,2,0.95030475,0.011307706,9.4735835e-05,0.95030475,0.038278043,2.2800566e-07,1.452857e-05,边界模糊,焦虑,低,陈述工作状态，无明显情绪,边界模糊
428,愤怒→悲伤,太特麽苦逼了！！,3,愤怒,2,0.9501163,0.0014950078,1.016768e-05,0.9501163,0.048367687,1.1608771e-06,9.612603e-06,标签错误,悲伤,中,感叹苦逼，内心受挫难受,标签错误
427,愤怒→悲伤,把你全家问候了一遍终于电话通了。，我管你是什么原因，我不听，我不听，我不听,3,愤怒,2,0.9499038,0.018271767,1.2787733e-05,0.9499038,0.031810213,9.537819e-08,1.34465e-06,标签正确,愤怒,高,骂人、拒听解释，明显愤怒,标签正确
426,愤怒→悲伤,我要狗带，为了去见柳柳，在公交车上堵了一个小时，坐出了火车的感觉,3,愤怒,2,0.94826114,0.0014969524,3.7248587e-06,0.94826114,0.05023798,3.9002764e-08,1.651063e-07,标签错误,悲伤,中,堵车吐槽，无奈沮丧,标签错误
425,愤怒→悲伤,洗澡洗着洗着没水了，我也是醉了,3,愤怒,2,0.9478594,0.00055265235,4.9443906e-06,0.9478594,0.051582288,1.7920662e-07,4.3865592e-07,标签错误,悲伤,中,没水吐槽，无奈郁闷,标签错误
423,愤怒→悲伤,而她们又再一次……,3,愤怒,2,0.9472073,0.04547606,2.1077563e-05,0.9472073,0.007280766,1.2449466e-05,2.3958912e-06,边界模糊,愤怒,低,文本过短，无明确情绪信息,边界模糊
422,愤怒→悲伤,对于本职工作，我极度专注认真且效率极高，涉及金额的部分精准到小数点后两位且保持零差错，其它零零碎碎的事也从不拖延，领导想到想不到的都会先想到做好…我根本不想当什么优秀员工也不是出于对工作的热爱仅仅因为，我在办公室做自己正经事的时候，别一会儿一个电话的拿公事骚扰我！,3,愤怒,2,0.94692457,0.023158282,4.7514968e-05,0.94692457,0.02979764,8.0122146e-07,7.1088216e-05,标签正确,愤怒,高,强烈不满被公事骚扰，指责语气,标签正确
421,愤怒→悲伤,一个晚上做4.5个梦的也就只有我了吧各种爬上爬下累死了,3,愤怒,2,0.9464192,0.00045637655,9.3900335e-06,0.9464192,0.053113632,4.0952553e-08,1.4703044e-06,标签错误,悲伤,中,吐槽疲惫无奈，非愤怒,标签错误
420,愤怒→悲伤,许久不见阳光，我都快忘了晴天长什么样子了，虽然雨水滋润万物，但也应当适可而止不是吗？再这么下去都要发霉了,3,愤怒,2,0.94586426,0.00090959005,6.287736e-06,0.94586426,0.053204227,1.407039e-05,1.494748e-06,标签错误,焦虑,中,对持续阴雨的烦躁担忧,标签错误
419,愤怒→悲伤,毛线，怎么装都没我可爱…,3,愤怒,2,0.94532776,0.003138951,4.0432897e-06,0.94532776,0.051528748,1.1337765e-08,4.613679e-07,边界模糊,愤怒,低,口语调侃，情绪指向不明,边界模糊
418,愤怒→悲伤,一直看空新浪...,3,愤怒,2,0.9448583,0.022625417,1.6298438e-05,0.9448583,0.032421753,2.8881573e-06,7.528067e-05,边界模糊,愤怒,低,过短，仅陈述看空，无情绪,边界模糊
417,愤怒→悲伤,救治岳父一月来屡次接触120，越加深刻体会到这一行救死扶伤逐渐退居到生意经之后了。,3,愤怒,2,0.94451296,0.027293889,0.00027492436,0.94451296,0.027526118,0.00034948642,4.2632822e-05,标签正确,愤怒,中,对医疗行业变味的批判不满,标签正确
416,愤怒→悲伤,好想有个儿啊好久能完成我的大业嘛,3,愤怒,2,0.9445079,0.051021036,4.5561583e-06,0.9445079,0.0044646333,1.5994176e-07,1.7258396e-06,标签错误,焦虑,中,期待中带急切，非愤怒,标签错误
415,愤怒→悲伤,特别想知道我在你心里到底算什么,3,愤怒,2,0.9441881,0.0067458805,4.316305e-06,0.9441881,0.04905826,1.8930695e-07,3.3031952e-06,标签错误,焦虑,中,不安纠结于对方心意,标签错误
414,愤怒→悲伤,又要下一个星期的雨，这是要冻死我吗,3,愤怒,2,0.94412845,0.000190086,1.6151846e-06,0.94412845,0.055678993,3.5342504e-07,4.413387e-07,标签错误,焦虑,中,对连续下雨的烦躁担忧,标签错误
413,愤怒→悲伤,想起有些事情我就尼玛不舒服，很不舒服，不舒服的很。,3,愤怒,2,0.9429615,0.00048584232,6.403358e-07,0.9429615,0.05654961,1.3135673e-07,2.3539897e-06,标签正确,愤怒,中,尼玛等粗口指向不满，主导愤怒,标签正确
412,愤怒→悲伤,又看到某赵氏乐评人的身影了，MD从2009厌恶至今，还是阴魂不散。,3,愤怒,2,0.9424279,0.013363429,3.5192702e-06,0.9424279,0.044200487,2.3637662e-07,4.4033104e-06,标签正确,愤怒,高,厌恶阴魂不散，明显指责他人,标签正确
411,愤怒→悲伤,从16号就开始说弄到现在，已经四天了，答应别人的事情为什么不做到,3,愤怒,2,0.9422582,0.0009613755,5.5680534e-06,0.9422582,0.056772273,3.894883e-08,2.5240818e-06,标签正确,愤怒,中,质问不守承诺，指责他人,标签正确
410,愤怒→悲伤,不知道为什么，其实今天特想醉，心情不好,3,愤怒,2,0.9419376,0.0015364204,3.850498e-06,0.9419376,0.056521047,3.794625e-08,1.0199614e-06,标签错误,悲伤,中,心情不好想醉，主导悲伤,标签错误
409,愤怒→悲伤,整个人都不好了开始怀疑人生怀疑智商,3,愤怒,2,0.94149715,0.00061383075,1.7941226e-06,0.94149715,0.057886362,7.675694e-08,7.1733115e-07,标签错误,悲伤,中,怀疑人生智商，内心受挫悲伤,标签错误
408,愤怒→悲伤,如果有一天，我老无所依，请把我埋在新闻联播里。,3,愤怒,2,0.9406943,0.00751984,2.8358836e-06,0.9406943,0.051777832,2.626122e-08,5.270768e-06,边界模糊,悲伤,低,调侃式表达，情绪难判定,边界模糊
407,愤怒→悲伤,希望这周不用再去医院了，钱都给医院了！，受伤真费钱，连续一个月了，家底都花光了。。。,3,愤怒,2,0.9404931,0.0022196618,1.0294821e-05,0.9404931,0.057273895,9.032469e-07,2.0899784e-06,标签错误,悲伤,中,花钱无奈哀叹，主导悲伤,标签错误
406,愤怒→悲伤,梦幻，在武汉协和看了病，没有被隔离，跑到了大连求医,3,愤怒,2,0.94029725,0.00072972715,8.0503805e-06,0.94029725,0.058935322,2.3918868e-05,5.836676e-06,边界模糊,焦虑,低,陈述就医经历，情绪信息不足,边界模糊
405,愤怒→悲伤,另外，果然师兄你照顾得再好，不如灵魂半身求合体的吸引力大。,3,愤怒,2,0.94028777,0.026012164,1.1364874e-05,0.94028777,0.033685748,7.893846e-08,2.7832023e-06,边界模糊,悲伤,低,调侃师兄，情绪指向不明,边界模糊
404,愤怒→悲伤,受到了一万点精神伤害，特意买的L码的衣服居然穿的很紧身,3,愤怒,2,0.94005877,0.0036109185,3.1983047e-06,0.94005877,0.056326766,1.4790522e-08,3.7458298e-07,标签错误,悲伤,中,精神伤害衣服紧，受挫难受,标签错误
403,愤怒→悲伤,哄完这只睡下，解决好胃，两眼皮在打架，赶紧收拾整理下眯一会。。。可是可是……还有好多事情没完成,3,愤怒,2,0.9399758,0.0016583236,8.630684e-06,0.9399758,0.058353137,4.0774665e-07,3.7350678e-06,边界模糊,焦虑,中,疲惫无奈，事多未完成，偏焦虑,边界模糊
402,愤怒→悲伤,明天还要考试[晕死了],3,愤怒,2,0.93865514,0.00055015454,5.817632e-06,0.93865514,0.06073623,2.3778302e-06,5.0312447e-05,边界模糊,焦虑,中,考试压力，晕死了，偏焦虑,边界模糊
401,愤怒→悲伤,这么晚了啊啊啊啊啊啊啊困困困就是睡不着啊。失眠,3,愤怒,2,0.9381943,0.0008269604,2.4035333e-05,0.9381943,0.06092073,8.363628e-08,3.3935034e-05,边界模糊,焦虑,中,失眠烦躁，偏焦虑,边界模糊
400,愤怒→悲伤,你幸好不是我孩子。不然早就被我打残废了。怎么就那么废。你投胎没投好吧,3,愤怒,2,0.9375761,0.0009881994,3.163106e-06,0.9375761,0.061431974,1.6751695e-08,4.4471125e-07,标签正确,愤怒,高,斥责辱骂他人，明显愤怒,标签正确
399,愤怒→悲伤,求求你们做个人,3,愤怒,2,0.93753356,0.0017853926,1.0961812e-05,0.93753356,0.060611412,5.8005517e-05,6.3041e-07,标签正确,愤怒,高,指责对方，强烈不满,标签正确
398,愤怒→悲伤,闲得宅家几日，狂览剧本无数，阅后有感又无感，糟粕岂止胜精华...,3,愤怒,2,0.9371093,0.01700294,4.7736314e-05,0.9371093,0.045838255,7.057314e-08,1.6841507e-06,标签错误,悲伤,中,感叹剧本糟粕，无奈失落,标签错误
397,愤怒→悲伤,你在北方的寒夜里四季如春，我在铜陵的大街上冷的快die.,3,愤怒,2,0.9355308,0.0011298734,4.5372617e-06,0.9355308,0.06333418,3.3101603e-07,2.9096952e-07,标签错误,悲伤,中,冷得快死，吐槽无奈,标签错误
395,愤怒→悲伤,唉忘了说这根本就是一个坑。,3,愤怒,2,0.93376213,0.002320622,1.4480902e-05,0.93376213,0.063901365,3.470756e-08,1.3360313e-06,标签错误,悲伤,中,唉声叹气，失落无奈,标签错误
394,愤怒→悲伤,心好累，看到梅西一天到晚的睡，心理更加不平衡。,3,愤怒,2,0.9333325,0.0012808788,4.5863576e-06,0.9333325,0.064779796,1.8324299e-08,0.00060221896,标签错误,悲伤,中,心累不平衡，失落沮丧,标签错误
393,愤怒→悲伤,去唱K，没没有蜡烛诶？怎么没有这首歌呢,3,愤怒,2,0.9329518,0.0037220095,3.2432083e-06,0.9329518,0.06332239,1.7957602e-07,3.724672e-07,边界模糊,悲伤,低,疑问失望，情绪弱难判定,边界模糊
392,愤怒→悲伤,这让我蛋疼！,3,愤怒,2,0.93251836,0.0011981408,5.776275e-06,0.93251836,0.06627707,4.3832664e-08,6.174176e-07,边界模糊,愤怒,低,蛋疼表郁闷难受，无明确指向,边界模糊
391,愤怒→悲伤,感觉在这么下去我会奔溃掉的，我需要一件事情或者一个人来吸引我全部的注意力不然真会崩溃,3,愤怒,2,0.9324841,0.0005709164,9.371354e-06,0.9324841,0.06689574,2.3432997e-07,3.9620514e-05,标签错误,焦虑,中,怕崩溃，属持续压力焦灼,标签错误
390,愤怒→悲伤,我是一个为了钱而斤斤计较的人借我给朋友是因为当你是知心的人请你不要当傻瓜#随手拍低头族#我,3,愤怒,2,0.93246883,0.015588202,5.410492e-06,0.93246883,0.05192389,1.2099774e-07,1.3469378e-05,标签错误,愤怒,中,指责朋友别当傻瓜，含不满,边界模糊
388,愤怒→悲伤,我牺牲太多了划不来一个大写的亏字,3,愤怒,2,0.93177694,0.0040651965,1.23412765e-05,0.93177694,0.064142056,8.5616634e-08,3.3572785e-06,标签错误,悲伤,中,牺牲多划不来，失落委屈,标签错误
387,愤怒→悲伤,牙龈肿痛。求解救东西也吃不了了痛得要死，怎么睡啊？？？？,3,愤怒,2,0.9281735,0.00036550616,5.749663e-06,0.9281735,0.07145029,2.9657929e-06,2.074742e-06,标签错误,悲伤,中,牙痛求解救，痛苦无奈,标签错误
386,愤怒→悲伤,翻译还没搞完，又要负责这边office的年会节目创意…………我选择死亡,3,愤怒,2,0.9278787,0.0011392522,3.0520925e-05,0.9278787,0.07094696,1.6170817e-07,4.420561e-06,标签错误,焦虑,中,任务堆积，我选择死亡表崩溃,标签错误
384,愤怒→悲伤,日常失眠打卡。可怜我明天4点就得去实训……,3,愤怒,2,0.926353,0.0007881133,6.472581e-05,0.926353,0.072777286,5.901997e-07,1.629686e-05,标签错误,悲伤,中,失眠可怜，无奈哀叹,标签错误
383,愤怒→悲伤,一直以为女孩子长得好看容易早早被猪拱。后来发现根本不是的！长的难看的才早早的等着盼着猪来拱，只要来只猪，绝对献上生命去，甚至追着猪跑。而长得好看的，一直在猪圈里挑最极品好猪，导致迟迟未果！（此感慨发于发现比自己小13岁的胖墩家妹倒追同班男生被拒绝后寻死觅活的午后）寡人要动粗了,3,愤怒,2,0.9262201,0.008904828,5.300827e-05,0.9262201,0.06476369,2.348321e-07,5.8094236e-05,标签正确,愤怒,中,寡人要动粗，斥责讽刺,标签正确
382,愤怒→悲伤,从此以后，你的开心与我的悲伤无关；,3,愤怒,2,0.9258753,0.05278571,2.2386104e-05,0.9258753,0.0213149,3.5274985e-07,1.3307514e-06,标签错误,悲伤,高,开心与悲伤无关，失落,标签错误
381,愤怒→悲伤,疲惫却无法入睡生物钟一乱这两周以来已经沦落到要靠rainingsounds来拯救失眠了,3,愤怒,2,0.9228741,0.00072834967,1.1058988e-05,0.9228741,0.07638285,6.940095e-08,3.627021e-06,标签错误,焦虑,中,失眠疲惫，生物钟乱焦灼,标签错误
380,愤怒→悲伤,我们的外储损失足够弥补贫困山区老百姓脱贫的了，自我叹息下。,3,愤怒,2,0.9223841,0.02350052,1.3023953e-05,0.9223841,0.05404544,7.4981483e-07,5.6160523e-05,标签错误,悲伤,中,自我叹息，无奈失落为主,标签错误
379,愤怒→悲伤,公司对待绩效考核的态度很是明显：员工最初的战战兢兢到无所谓；[神马]管理层最初的振臂高呼到一声声叹惜；企业家从最初的激情到不理解及责备。而这一切的变化，让人力资源工作者也是只能暗淡地退场。,3,愤怒,2,0.9218618,0.0051573464,1.6944536e-05,0.9218618,0.07296291,1.9346365e-08,9.752403e-07,标签错误,悲伤,中,叹惜暗淡退场，无奈失落,标签错误
378,愤怒→悲伤,一天下来都没有办法好好工作。,3,愤怒,2,0.92156297,0.00080343557,3.7609605e-06,0.92156297,0.0776063,4.468694e-09,2.360424e-05,边界模糊,悲伤,低,信息太少，无法判定情绪,边界模糊
377,愤怒→悲伤,今天说话所有人统统不回我，就我一个人急，所以我现在作文还有小论文怎么办呢，心累！,3,愤怒,2,0.91963077,0.00094401045,1.8172683e-05,0.91963077,0.079399474,8.081624e-08,7.4709606e-06,标签错误,焦虑,中,着急心累，担忧任务,标签错误
376,愤怒→悲伤,虽然快要入睡了，想到白天被个中年大妈欺骗了，心里就好悔,3,愤怒,2,0.9190858,0.0035647529,3.816191e-06,0.9190858,0.0768797,0.00046275242,3.154388e-06,标签错误,悲伤,中,后悔被骗，内心难受,标签错误
374,愤怒→悲伤,我想要先睡一觉行不行啊！,3,愤怒,2,0.91899776,0.004583926,2.823877e-06,0.91899776,0.07640808,8.3300273e-07,6.5162617e-06,边界模糊,焦虑,低,太短，无法判定主导情绪,边界模糊
373,愤怒→悲伤,Sibel_lm:瘟疫肆虐时期，耐不住无聊寂寞的贵族在封闭的城堡里举办假面舞会，却不料死神戴着面具混入其中。——《红死病的面具》,3,愤怒,2,0.91863465,0.013263425,3.6048084e-05,0.91863465,0.05415178,0.013871796,4.2240004e-05,边界模糊,恐惧,低,文学描述，无个人情绪,边界模糊
372,愤怒→悲伤,隔三差五就会有那么一段时间情绪低落，自己也说不上是为何。。。总觉得心里空空的特别没有安全感,3,愤怒,2,0.9182456,0.0011772821,1.2713409e-05,0.9182456,0.08008656,2.2009588e-06,0.00047569402,标签错误,悲伤,中,情绪低落空虚，失落,标签错误
371,愤怒→悲伤,以后再也不三根半夜的喝咖啡☕了现在都睡不着了😭,3,愤怒,2,0.91724277,0.0033023823,6.894041e-05,0.91724277,0.076601446,2.9033936e-08,0.0027844568,标签错误,悲伤,中,睡不着懊悔，难受,标签错误
366,愤怒→悲伤,好后悔没去黄龙溪和九寨沟！！！都计划好的都怪那天……下次一定要去！,3,愤怒,2,0.91374016,0.044958923,1.0278674e-05,0.91374016,0.041176274,7.804783e-06,0.00010659724,标签错误,悲伤,中,后悔没去，遗憾失落,标签错误
364,愤怒→悲伤,这几天不太舒服…我的年假也要泡汤了需要休息，我要请假,3,愤怒,2,0.9124711,0.00037152666,1.7691455e-05,0.9124711,0.08713808,4.220979e-07,1.1965778e-06,标签错误,悲伤,中,年假泡汤无奈失落，非愤怒,标签错误
363,愤怒→悲伤,各种没电的人你们伤不起啊伤不起！！！,3,愤怒,2,0.9108251,0.0013734186,8.724682e-06,0.9108251,0.087791055,3.015162e-07,1.3743947e-06,标签错误,悲伤,中,吐槽没电，无奈哀叹非愤怒,标签错误
362,愤怒→悲伤,现在唯一的消遣就是看中文书了。这是生活简直是烂醉，已经不再是微醺了。,3,愤怒,2,0.91069496,0.020382706,2.4376699e-05,0.91069496,0.06889384,1.6976067e-07,3.9806546e-06,标签错误,悲伤,中,生活烂醉，失落无奈非愤怒,标签错误
361,愤怒→悲伤,最后的考试了，写重点写的手疼，四年的重点永远都是：“我上课讲的都是重点。”,3,愤怒,2,0.90978974,0.0033874586,2.2182185e-05,0.90978974,0.086656116,2.9627511e-08,0.00014450538,标签错误,悲伤,中,手疼吐槽，无奈哀叹非愤怒,标签错误
360,愤怒→悲伤,心情顿时有点，不知道怎么形容心塞塞,3,愤怒,2,0.90959626,0.0007169715,5.4630864e-06,0.90959626,0.08968006,7.3312776e-08,1.0789736e-06,标签错误,悲伤,中,心塞塞，内心难受非愤怒,标签错误
359,愤怒→悲伤,垃圾食品带给人的痛苦远比快乐多，可是为了那一小下的快乐，就是有人会去选择事后追悔莫及的痛苦。。胃疼,3,愤怒,2,0.90905374,0.0039737592,4.0968025e-06,0.90905374,0.08696665,6.311334e-08,1.678836e-06,标签错误,悲伤,中,胃疼追悔，痛苦难受非愤怒,标签错误
358,愤怒→悲伤,现在在琢磨着是不是玩玩= -=[生病],3,愤怒,2,0.9090367,0.008716812,7.139435e-06,0.9090367,0.082209036,1.4602082e-05,1.5625283e-05,边界模糊,悲伤,低,生病琢磨，情绪信息不足,边界模糊
357,愤怒→悲伤,真是蠢哭了手贱删东西把新浪微博相册的照片全删了,3,愤怒,2,0.9090241,0.0016162723,8.3885925e-06,0.9090241,0.08935077,6.367947e-08,3.521579e-07,标签错误,悲伤,中,手贱删照片，懊悔非愤怒,标签错误
356,愤怒→悲伤,昨天虚惊一场，临下降突然下落，强烈失重感堪比跳楼机！,3,愤怒,2,0.9088355,0.0060103904,1.5311753e-05,0.9088355,0.08512562,9.159271e-08,1.3063106e-05,标签错误,恐惧,中,失重感堪比跳楼，惊恐非愤怒,标签错误
354,愤怒→悲伤,今天值班，我竟然迟到了一个小时😱😱～宝宝心好累～😭😭想吃糖葫芦了～,3,愤怒,2,0.90718645,0.010184243,8.495048e-06,0.90718645,0.08261358,1.3675144e-08,7.288776e-06,标签错误,悲伤,中,迟到心累想哭，沮丧非愤怒,标签错误
353,愤怒→悲伤,到现在模拟还不及格，怎么去考试？,3,愤怒,2,0.90691966,0.001467004,5.662498e-06,0.90691966,0.091603585,1.7042545e-07,3.888899e-06,标签错误,焦虑,中,对考试不及格的担忧，属焦虑,标签错误
352,愤怒→悲伤,呜啦啦呜啦啦不是她有抑郁症哪就是我快得啦,3,愤怒,2,0.9052602,0.074107766,5.7666066e-06,0.9052602,0.020590419,2.6539725e-05,9.345498e-06,边界模糊,悲伤,低,口语混乱，情绪指向不明,边界模糊
351,愤怒→悲伤,我好困啊还想睡可是又到上班时间了,3,愤怒,2,0.9051745,0.00070617587,1.23280115e-05,0.9051745,0.09410288,2.2038552e-07,3.8991348e-06,标签错误,悲伤,中,困倦无奈，非愤怒,标签错误
350,愤怒→悲伤,我以前辞职，工作做的依然认真，该加班加班，带的小徒弟怕教不会我都手把手教，连发邮件怎么发我都教……我觉得虽然操了很多没用的心，毕竟希望走了以后能让留下来的同事们别多那么些烦恼。我也希望我这样对别人，用不着得到百分百的回报，希望天能看得见，对我有那么一半就好…,3,愤怒,2,0.904523,0.09049943,6.024353e-05,0.904523,0.004890654,2.3812112e-07,2.6457008e-05,标签错误,悲伤,中,委屈无奈，非愤怒,标签错误
349,愤怒→悲伤,预测今年深圳没有冬天，可为什么我还是会冻到起鸡皮疙瘩，甚至打寒颤……看来是要倒了,3,愤怒,2,0.90444225,0.0004574876,4.1724714e-05,0.90444225,0.09414805,0.00090594473,4.5017673e-06,标签错误,悲伤,中,身体不适的无奈感叹,标签错误
348,愤怒→悲伤,"用久了板绘的后果就是下笔完全不考虑，就想着ctrlz,然后换到手绘就。。。。宝宝不开心",3,愤怒,2,0.9026253,0.0069176815,1.6488693e-05,0.9026253,0.090438865,7.536542e-08,1.5726338e-06,标签错误,悲伤,中,吐槽不开心，非愤怒,标签错误
347,愤怒→悲伤,意外了吗？,3,愤怒,2,0.9022463,0.008027615,7.950484e-06,0.9022463,0.056803893,0.032892283,2.1862155e-05,边界模糊,焦虑,低,文本太短，无情绪信息,边界模糊
345,愤怒→悲伤,我去，就喝了杯茶，这下别想睡了，关键还反胃……真对绿茶过敏,3,愤怒,2,0.89962906,0.0035323298,5.4955335e-06,0.89962906,0.09681428,1.5515425e-05,3.3853541e-06,标签错误,悲伤,中,吐槽过敏难受，非愤怒,标签错误
344,愤怒→悲伤,"肚子疼的我……走路像残疾,我擦!",3,愤怒,2,0.89849645,0.004428917,3.4333973e-06,0.89849645,0.09707066,6.0408105e-08,5.6359005e-07,标签错误,悲伤,中,疼痛吐槽，非愤怒,标签错误
343,愤怒→悲伤,这样的简单和纯净，让人敬仰；有的人云山雾罩，看起来很复杂，很有深度，其实，这种深度，并不是灵魂的深度，而是城府太深。,3,愤怒,2,0.8984506,0.10037863,1.0014278e-05,0.8984506,0.0011590497,8.789902e-08,1.5938732e-06,标签错误,悲伤,中,感慨批评，非愤怒,标签错误
341,愤怒→悲伤,又是一周没有写过毛笔字了。。。说好的每天都写呢,3,愤怒,2,0.8978666,0.0003476138,1.5349168e-06,0.8978666,0.10178402,2.588072e-08,2.2285536e-07,标签错误,悲伤,中,自责未坚持练字，失落无奈,标签错误
340,愤怒→悲伤,长沙，你上辈子欠了谁的情债！该哭完了吧！,3,愤怒,2,0.8971435,0.0041798046,6.9632747e-06,0.8971435,0.09866766,1.679301e-07,1.9388704e-06,标签错误,悲伤,中,对长沙天气的哀叹无奈,标签错误
339,愤怒→悲伤,对于这个点还在陪涛哥哥玩游戏的我来说内心是崩溃的,3,愤怒,2,0.89670664,0.0015036442,6.58905e-05,0.89670664,0.10022598,9.0804555e-08,0.0014978205,标签错误,悲伤,中,熬夜陪玩内心崩溃难受,标签错误
338,愤怒→悲伤,傍晚就不该为了保持清醒喝那杯茶，结果悲剧了，睡了40分钟还没睡着，现在迷走神经兴奋，脑袋彻底嗨了，但还是有困意呀。话说今天的妇儿开卷考试真是没怎么看书啊。现在要不要干脆打个手电看书呢？感觉会被室友打死,3,愤怒,2,0.8961589,0.0074939025,3.4568453e-05,0.8961589,0.09580774,0.00042887207,7.607414e-05,标签错误,焦虑,中,失眠烦躁纠结，焦灼不安,标签错误
337,愤怒→悲伤,想要个平板，家人觉得有手机了要平板没用就不让我买,3,愤怒,2,0.8957141,0.001958792,1.4994444e-05,0.8957141,0.102299124,4.6421192e-07,1.2499387e-05,标签错误,悲伤,中,愿望受阻，无奈失落,标签错误
336,愤怒→悲伤,LZ考了四十几怎么了我去年买了个表,3,愤怒,2,0.8957117,0.0041693966,1.4451544e-05,0.8957117,0.09998096,2.8642098e-05,9.4780386e-05,标签错误,愤怒,低,含指责吐槽，但情绪混杂,边界模糊
335,愤怒→悲伤,我想我该换换脑子了，一天也不造在想些啥,3,愤怒,2,0.8939327,0.0013708418,1.4703331e-06,0.8939327,0.10469232,2.0772067e-08,2.670885e-06,边界模糊,悲伤,低,文本太短，情绪信息不足,边界模糊
333,愤怒→悲伤,呵呵，不听老人言，吃苦在眼前啊。,3,愤怒,2,0.8929195,0.0186983,2.4730625e-05,0.8929195,0.08834821,1.240846e-07,9.095425e-06,标签错误,悲伤,中,后悔自嘲，无奈哀叹,标签错误
332,愤怒→悲伤,心情不好，非常糟糕为什么是这样,3,愤怒,2,0.89287454,0.00078098784,9.973894e-06,0.89287454,0.1063309,3.2094977e-06,3.9459215e-07,标签错误,悲伤,高,直接表达心情糟糕难过,标签错误
330,愤怒→悲伤,真是愚人节啊~~~买个车票都那么纠结！！！,3,愤怒,2,0.8902847,0.0022637874,7.771316e-06,0.8902847,0.10742673,1.7275768e-07,1.6763533e-05,标签错误,焦虑,中,买票纠结烦躁，焦灼不安,标签错误
329,愤怒→悲伤,怨也白怨，爹妈都不能给你，谁也给不了你。,3,愤怒,2,0.8901702,0.0057118535,1.6287211e-05,0.8901702,0.1040606,2.2814335e-08,4.1068415e-05,标签错误,悲伤,中,无奈哀叹，非愤怒,标签错误
328,愤怒→悲伤,见过太多无疾而终之后我再也不轻易向谁许下诺言。以“我会……”开头，“你”结尾的句式，多半是用来失信的。把想为你做的每一件事情放进心里，这是我对自己的承诺，和你没关系。,3,愤怒,2,0.88838357,0.10516598,8.8977185e-06,0.88838357,0.0064314683,2.2478113e-07,9.90821e-06,标签错误,悲伤,中,失落无奈，非愤怒,标签错误
327,愤怒→悲伤,我讨厌你不在我身边，我讨厌想你想到失眠，我讨厌手机无人接听，我讨厌你不喜欢我，我讨厌烂桃花，我讨厌被人欺骗，我讨厌过情人节，我讨厌一个人，我讨厌被敷衍，我讨厌没人理我，我讨厌没钱的日子。,3,愤怒,2,0.8881191,0.0006407997,1.5012205e-06,0.8881191,0.111238234,1.7158428e-08,3.6795305e-07,标签正确,愤怒,高,连续讨厌，强烈不满,标签正确
326,愤怒→悲伤,真是怕什么来什么，幸运的怎么不中个彩票想想我都心塞啊，我真的不想说，一点儿都不想，可是就是这么机缘巧合的被发现，长点脑子都知道了，以后可怎么混！我只想安静的工作，不要干扰我好嚒求指教求安慰求求求......,3,愤怒,2,0.88780373,0.0043495707,3.79303e-05,0.88780373,0.011607459,0.005336475,0.09086476,边界模糊,焦虑,低,心塞焦虑兼抱怨，难分主次,边界模糊
325,愤怒→悲伤,为啥你的Studienwunsch要手写啊！！！[泪],3,愤怒,2,0.8872608,0.0018748215,4.4595786e-06,0.8872608,0.11085784,1.4771341e-07,1.9525573e-06,标签正确,愤怒,中,质问抱怨，不满情绪,标签正确
324,愤怒→悲伤,"還有我那對從照片上看是FUCHSIA的鞋,到了我手裡變紫紅色了,雖然其實跟名字玫紅很符合,但跟照片顯示的色差太遠了吧?",3,愤怒,2,0.88607335,0.025070472,2.0275525e-05,0.88607335,0.088141344,0.00069335283,1.170563e-06,标签正确,愤怒,中,抱怨色差，不满指责,标签正确
322,愤怒→悲伤,今天的午饭，又辣又酸可怜了我的味觉,3,愤怒,2,0.8845694,0.0016545043,2.1391752e-06,0.8845694,0.11377371,3.9844377e-08,2.1626259e-07,标签错误,悲伤,中,可怜味觉，无奈哀叹,标签错误
321,愤怒→悲伤,哎~刚把资料整理了一下，要想完成任务，起码还要增加50%的新内容！,3,愤怒,2,0.88348436,0.10845994,4.644741e-06,0.88348436,0.008038994,4.3225874e-08,1.20505965e-05,标签错误,焦虑,中,任务压力，担忧焦虑,标签错误
320,愤怒→悲伤,晴天霹雳啊！！！！知道真相的我简直整个人都不好了！！！！所以说，天将降大任于斯人也，必先苦其心志，劳其筋骨，饿其体肤，空乏其身…,3,愤怒,2,0.8833118,0.0041010366,1.2556461e-06,0.8833118,0.11257916,3.543672e-07,6.4442875e-06,标签错误,悲伤,中,晴天霹雳，崩溃难受,标签错误
319,愤怒→悲伤,就让这一切从今天开始吧若是一个人心里面没有你，做的在好也没有用,3,愤怒,2,0.88163203,0.1121927,8.118501e-06,0.88163203,0.006162101,1.6719339e-07,4.8330894e-06,标签错误,悲伤,中,无奈失落，非愤怒,标签错误
318,愤怒→悲伤,今天倒霉事太多了，没有一件事情做好的，搞得没啥心情，不开心,3,愤怒,2,0.8805366,0.004347184,1.4896142e-05,0.8805366,0.1150986,8.650635e-08,2.603252e-06,标签错误,悲伤,高,倒霉不开心，主导为失落悲伤,标签错误
317,愤怒→悲伤,发工资条看到请一天假扣两百，当时我就心闷了。好贵啊,3,愤怒,2,0.87863135,0.0008312845,6.586316e-06,0.87863135,0.120491594,1.3306196e-07,3.8994454e-05,标签错误,悲伤,高,心闷无奈，非愤怒,标签错误
315,愤怒→悲伤,累惨了…目测这个星期又休不了，天天加班…,3,愤怒,2,0.87665296,0.001889587,6.087577e-05,0.87665296,0.121366575,5.979325e-07,2.9433078e-05,标签错误,悲伤,中,累惨加班，无奈沮丧,标签错误
314,愤怒→悲伤,感觉腿已经不是自己的了，不是人上的班好嘛,3,愤怒,2,0.87585944,0.0016630903,3.406176e-06,0.87585944,0.12247333,2.5354404e-07,4.6635617e-07,标签错误,悲伤,中,吐槽累，无奈非愤怒,标签错误
313,愤怒→悲伤,一闻到味道、瞬间都甜得头晕啊~~[生病]~~~忏悔、反省ing……,3,愤怒,2,0.8758411,0.10868049,1.8287785e-05,0.8758411,0.01544351,7.7190515e-07,1.5904208e-05,边界模糊,悲伤,低,甜晕忏悔，情绪不明,边界模糊
311,愤怒→悲伤,有时候被身边的人误会了，你就不要再去向他解释了，既然他不相信你，你干嘛还要去解释。就算解释你赢了，你也赢不了他心里对你的信任,3,愤怒,2,0.87335044,0.10189373,2.0436897e-05,0.87335044,0.02470709,1.1909935e-06,2.7110325e-05,标签错误,悲伤,中,被误会无奈，非愤怒,标签错误
310,愤怒→悲伤,最近真的忙到上微薄的时间都没有啊,3,愤怒,2,0.8716487,0.0008314978,2.2721491e-05,0.8716487,0.12749462,9.614491e-08,2.3062703e-06,标签错误,悲伤,中,忙到没时间，无奈,标签错误
309,愤怒→悲伤,哎呦 减个肥 真费劲！,3,愤怒,2,0.871334,0.004720365,5.547826e-06,0.871334,0.123936,1.8912628e-08,4.048608e-06,标签错误,悲伤,中,减肥费劲，无奈吐槽,标签错误
307,愤怒→悲伤,对于触碰到我底线的人，也没什么可说的了，走着瞧自找的，别怪我……,3,愤怒,2,0.8680118,0.05668353,1.4916982e-05,0.8680118,0.07528195,5.9493766e-07,7.173919e-06,标签正确,愤怒,高,底线被碰，警告指责,标签正确
306,愤怒→悲伤,回来上班第一天，午睡就睡到下午4点，以至于现在还睡不着，当然影响我睡眠的还有体重称上越来越大的数字,3,愤怒,2,0.86744213,0.0018929455,4.502454e-05,0.86744213,0.13041395,9.959931e-08,0.0002058412,标签错误,焦虑,中,睡不着担忧体重,标签错误
305,愤怒→悲伤,一大早的高难度新任务打破了近期安逸的轻松享受状态，看着身边其他人都在继续享受清闲，心里有点儿小憋屈和不平衡,3,愤怒,2,0.86704284,0.0020729995,4.05116e-05,0.86704284,0.13079582,1.8756271e-08,4.7834586e-05,标签错误,悲伤,中,憋屈不平衡，内心受挫难受,标签错误
303,愤怒→悲伤,你傻守着我也没办法给你弄个女票来啊，求带走,3,愤怒,2,0.866342,0.0027414714,5.0165586e-06,0.866342,0.13091007,5.034299e-07,9.4842017e-07,边界模糊,悲伤,低,调侃语气，情绪信息不足,边界模糊
302,愤怒→悲伤,我再也不会给你这样的机会打电话说我,3,愤怒,2,0.8658056,0.004649115,2.9006605e-05,0.8658056,0.12950857,3.0714884e-06,4.600019e-06,标签正确,愤怒,中,拒绝指责对方，带愤怒,标签正确
301,愤怒→悲伤,男人用情太专一了：18岁时喜欢18岁的，28岁喜欢18岁的，38岁喜欢18岁的………,3,愤怒,2,0.86578876,0.01923359,5.8427277e-06,0.86578876,0.11497073,3.0550833e-08,1.0906126e-06,边界模糊,悲伤,低,调侃段子，无明显情绪,边界模糊
300,愤怒→悲伤,算了，不跟你计较的，勉强说可以吧。[太开心],3,愤怒,2,0.86512315,0.027880546,5.212784e-06,0.86512315,0.10698599,2.2086265e-07,4.7960034e-06,标签错误,开心,高,勉强说可以，表情太开心,标签错误
299,愤怒→悲伤,废了好大劲刷的钻，大半夜通知我被查出来了，整个人都不好了我给转钱谁有淘宝帮我刷刷信誉啊，我可以请客吃好吃的,3,愤怒,2,0.8636308,0.0027903875,1.6707218e-05,0.8636308,0.13356054,2.8431916e-07,1.3893733e-06,标签错误,悲伤,中,整个人都不好，沮丧无奈,标签错误
298,愤怒→悲伤,可怕的不是自己没男朋友，可怕的所有人以为有男朋友而且是已经结婚了这已经是这个月第二个人对我这么说了，我是有多像已经结婚了,3,愤怒,2,0.8626314,0.006911938,1.0541824e-05,0.8626314,0.12925844,0.00088513986,0.0003025426,标签错误,悲伤,中,无奈自嘲，非愤怒,标签错误
297,愤怒→悲伤,今天斗牛输了5百多宝宝不开心😔,3,愤怒,2,0.8622231,0.007548279,1.4021839e-05,0.8622231,0.13021208,1.0006831e-07,2.3423147e-06,标签错误,悲伤,高,输钱不开心，失落,标签错误
296,愤怒→悲伤,太太太TM，不开心了！困死宝宝了，那么心大的李二鑫快回来，再不回来真神经衰弱了,3,愤怒,2,0.8600888,0.0017061424,4.4828507e-06,0.8600888,0.13819991,7.597313e-08,5.413235e-07,标签错误,焦虑,中,困累烦躁，神经衰弱担忧,标签错误
295,愤怒→悲伤,心里有一肚子的委屈不知道要跟谁说！是不是好说话就要被人欺负吗？,3,愤怒,2,0.85996133,0.00088703644,6.84984e-06,0.85996133,0.13914292,9.8742916e-08,1.7758449e-06,标签正确,愤怒,中,委屈并指责被欺负，愤怒,标签正确
294,愤怒→悲伤,午睡这样被吵醒，真的是欲哭无泪……中年人打电话都是这样要把电话吼烂才甘心嘛，耳朵都要聋了,3,愤怒,2,0.85942656,0.0006074136,4.451862e-06,0.85942656,0.13995875,2.808144e-07,2.560564e-06,标签正确,愤怒,中,被吵醒后指责打电话者，愤怒主导,标签正确
293,愤怒→悲伤,新都教育:【#湖北一家三口去山东过年被举报# 警方：已采取防控措施】[允悲][允悲][允悲],3,愤怒,2,0.85838944,0.0010964302,6.1295614e-05,0.85838944,0.140407,3.1287633e-05,1.4498891e-05,边界模糊,悲伤,低,仅新闻加表情，情绪信息不足,边界模糊
292,愤怒→悲伤,不想睡觉，不想闭眼，睡着了都是梦，精神崩溃的感觉有没有,3,愤怒,2,0.85754806,0.0015218946,8.556021e-05,0.85754806,0.13392223,2.070235e-07,0.0069220606,标签错误,焦虑,中,精神崩溃感，侧重焦虑不安,标签错误
290,愤怒→悲伤,记住！！我才是你唯一的同桌毕竟咱两做了那么长时间😂（原谅我这该死的占有欲😂）,3,愤怒,2,0.85701865,0.11644889,6.0918487e-06,0.85701865,0.026521498,7.5037505e-08,4.855424e-06,标签错误,开心,中,玩笑式占有欲，情绪轻松愉快,标签错误
289,愤怒→悲伤,睡觉误事……上周才因为睡过头错过了纳米材料导论课的第一节课，更不幸的是还赶上了点名,3,愤怒,2,0.8536839,0.0015621592,1.2475676e-05,0.8536839,0.14474097,5.346745e-08,3.8701933e-07,标签错误,悲伤,中,懊恼倒霉，内心受挫难受,标签错误
288,愤怒→悲伤,注定又将是一个不眠之夜啊，快崩溃了！,3,愤怒,2,0.8533971,0.0016144296,2.0234187e-05,0.8533971,0.14380394,3.3161928e-07,0.0011639423,标签错误,焦虑,中,不眠夜快崩溃，焦虑紧张,标签错误
287,愤怒→悲伤,"牙坏了,吃什么都不香,下次休息看牙去",3,愤怒,2,0.853082,0.011432691,2.8771835e-06,0.853082,0.13548103,2.7443375e-07,1.0772935e-06,标签错误,悲伤,中,牙坏无奈失落，非愤怒,标签错误
286,愤怒→悲伤,这么热的天气真是只能宅了，刚才想去吃饭，走到半路又回来了！,3,愤怒,2,0.85303605,0.0027934143,1.8738882e-06,0.85303605,0.14416814,4.082956e-08,5.1145486e-07,标签错误,悲伤,中,热天宅家无奈，非愤怒,标签错误
285,愤怒→悲伤,下一次既然敢走就不要在凌晨半夜三更跑回来道歉@赵珂宇,3,愤怒,2,0.8522574,0.06845252,1.2367489e-05,0.8522574,0.078620136,0.00062268355,3.498254e-05,标签正确,愤怒,高,指责对方半夜回来道歉，愤怒,标签正确
284,愤怒→悲伤,最近我的牙不知道怎么了为什么会这么疼呢?,3,愤怒,2,0.8520681,0.0014486295,1.0867472e-05,0.8520681,0.1463807,9.0579335e-05,1.025498e-06,标签错误,悲伤,中,牙疼困扰无奈，非愤怒,标签错误
283,愤怒→悲伤,最近每个月都去大连出差， 每次回来都很累。,3,愤怒,2,0.85007626,0.0016749181,2.724552e-05,0.85007626,0.1477781,1.5876e-08,0.00044345245,边界模糊,悲伤,低,仅陈述出差累，无明确情绪,边界模糊
282,愤怒→悲伤,高峰时间挤地铁确实是一件很虐心的事，难得这个时段坐地铁，感觉自己被挤的萌萌哒我不理解的是，有个女的跟着一个炒鸡大胖子挤进来，是她依附在后面借光进来的哦，竟然，竟然进来后发出呻吟，我也是醉了,3,愤怒,2,0.8470918,0.004711191,4.730789e-06,0.8470918,0.14819022,1.6161501e-06,4.511738e-07,标签错误,悲伤,中,吐槽挤地铁无奈，非愤怒,标签错误
279,愤怒→悲伤,我今天就拿了一个EMS的，包装都烂掉了,3,愤怒,2,0.8395093,0.001001378,9.380226e-06,0.8395093,0.15947907,1.1113975e-07,8.0623545e-07,边界模糊,悲伤,低,陈述包装烂，情绪不明,边界模糊
278,愤怒→悲伤,"《最强喜事》不好看啊,乐天二楼的泰迪厨房不好吃啊.",3,愤怒,2,0.8393782,0.0041312585,3.4105544e-06,0.8393782,0.15648603,1.8580371e-08,1.0939413e-06,标签错误,悲伤,中,表达失望不满，非愤怒,标签错误
277,愤怒→悲伤,啧啧，在最得意的项目上败的体无完肤，心塞,3,愤怒,2,0.83567303,0.00764302,1.7204973e-05,0.83567303,0.15666442,1.6824675e-08,2.2884767e-06,标签错误,悲伤,高,心塞表失落，非愤怒,标签错误
275,愤怒→悲伤,胸小怎么了怎么了我就是胸小怎么了,3,愤怒,2,0.8331027,0.0014083488,7.6201322e-06,0.8331027,0.16548043,1.402767e-07,7.137296e-07,标签错误,愤怒,中,反问表不满，偏愤怒,边界模糊
274,愤怒→悲伤,就是一种累死然后想哭的冲动突然袭上心头，挡都挡不住。,3,愤怒,2,0.83299637,0.00067283306,1.4371289e-05,0.83299637,0.16612442,6.607731e-08,0.00019201431,标签错误,悲伤,高,累到想哭，明显悲伤,标签错误
273,愤怒→悲伤,发我脾气，我还没有发飙呢，我们两个人都比不上一碗粉。连医生都知道关心我，一个人跑东跑西的多不容易啊！,3,愤怒,2,0.8315413,0.0042271637,4.2122074e-06,0.8315413,0.1642217,2.1462752e-07,5.408999e-06,标签错误,愤怒,中,指责对方发脾气，偏愤怒,边界模糊
272,愤怒→悲伤,痛死的节奏啊刚回来，这是要闹哪样啊………,3,愤怒,2,0.83151907,0.002707017,2.3614803e-06,0.83151907,0.16576655,3.2830899e-06,1.7790607e-06,标签错误,悲伤,中,痛死吐槽，偏悲伤无奈,标签错误
271,愤怒→悲伤,看到路人说我笔在机场不理笔迷不知谁是衣食父母，不禁莞尔。,3,愤怒,2,0.82959765,0.1419019,6.013108e-05,0.82959765,0.02805429,1.5355308e-05,0.00037065102,标签错误,开心,中,莞尔表淡然好笑，非愤怒,标签错误
270,愤怒→悲伤,我又睡不着了😔想去有水的地方玩耍,3,愤怒,2,0.82945776,0.015768068,5.296776e-05,0.82945776,0.1458019,1.751978e-07,0.008919126,边界模糊,焦虑,低,失眠无奈，情绪弱难判定,边界模糊
269,愤怒→悲伤,今天是悲催的一天，下班去吃饭，结果钱没带够，去银行取钱发现钱包忘记带了，厚着脸皮和老板说，幸亏老板人好，给我少了几块钱放我走了！回到家赶紧找钱包，但找遍了都没有，才后知后觉得发现钱包丢了,3,愤怒,2,0.8293967,0.0026508716,3.8314024e-06,0.8293967,0.16794434,2.0350985e-06,2.139757e-06,标签错误,悲伤,高,倒霉失落无奈，主导悲伤,标签错误
267,愤怒→悲伤,想吃凉拌米线不想上课了但是才写过检讨,3,愤怒,2,0.8258972,0.00088050927,3.0477662e-05,0.8258972,0.1731845,3.4069e-07,6.9273165e-06,边界模糊,焦虑,低,想吃不想上课，情绪弱,边界模糊
266,愤怒→悲伤,还是懒人幸福指数高，唉，我这白忙活的一天，太踏马的挫败了,3,愤怒,2,0.8257751,0.004688019,7.576924e-06,0.8257751,0.16952783,1.1081543e-07,1.4254442e-06,标签错误,悲伤,高,挫败白忙活，内心受挫悲伤,标签错误
265,愤怒→悲伤,我真的。。。。。我。。同一个地方，同一块石头我能撞上去两次！！！,3,愤怒,2,0.82514817,0.015395575,3.3472338e-06,0.82514817,0.15945159,2.36036e-07,1.0688121e-06,标签错误,悲伤,中,重复犯错无奈自责，偏悲伤,标签错误
264,愤怒→悲伤,我爱你，我爱你，我爱你，我爱你，我爱你，我爱你，我爱你，我爱你，我爱你，我爱你，我爱你，我爱你，我爱你，我爱你，我爱你，我爱你，我爱你，我爱你，我爱你，我爱你，我爱你，我爱你，我爱你，我爱你，我爱你，我爱你，我爱你，我爱你…………我恨我爱你,3,愤怒,2,0.8251333,0.013295054,6.55661e-06,0.8251333,0.16156363,3.401614e-07,1.0979559e-06,边界模糊,悲伤,低,爱恨交织，情绪复杂难分,边界模糊
263,愤怒→悲伤,30秒之内感受了人间没爱到有爱，我长的就是那么好欺负,3,愤怒,2,0.8211078,0.007156377,6.106352e-06,0.8211078,0.17172857,8.130179e-07,4.0135654e-07,标签错误,悲伤,中,自嘲好欺负，委屈失落,标签错误
262,愤怒→悲伤,从风水宝地到杭州上学的苦逼伤不起啊！！！！！！,3,愤怒,2,0.8208495,0.0045774877,4.8447666e-05,0.8208495,0.1743289,1.9043991e-06,0.00019379529,标签错误,悲伤,中,苦逼伤不起，吐槽无奈悲伤,标签错误
261,愤怒→悲伤,买的第二只爱丽小屋眉笔，轻轻一画就成了蜡笔小新，而且！！画了两下，笔芯就断了,3,愤怒,2,0.8194255,0.12480164,4.639347e-06,0.8194255,0.055767808,1.090705e-08,4.6257725e-07,标签错误,悲伤,中,眉笔断芯，郁闷无奈,标签错误
260,愤怒→悲伤,感觉快要窒息了我不喜欢无聊的日子,3,愤怒,2,0.8190111,0.0014805008,4.0170708e-06,0.8190111,0.17950344,5.791344e-08,9.115369e-07,标签错误,焦虑,中,窒息烦躁，对无聊日子不安,标签错误
259,愤怒→悲伤,这种时候我是否只能叹气说，就算之前都推断对了又能怎样，一个小角度的倾斜就能分出两条完全不同的路，真的是很无力啊，既然这样为什么当初还要放出来让我们知道呢，睡一觉就能出机场图了。,3,愤怒,2,0.81773007,0.0023652643,6.839707e-06,0.81773007,0.17989692,3.950335e-08,8.4849495e-07,标签错误,悲伤,高,无力无奈哀叹，非愤怒,标签错误
258,愤怒→悲伤,这两天像拧上发条似的精神满满早上来工作边马不停蹄奋战边唱歌感觉世界都是我的同事都说我这个精神劲好的不像话果然乐极生悲中午差点过个下午立马像霜打的茄子一拉开门看镜子脸像张白皮纸软迷它杏的这个精神转变太快我还要奋战关键掉链子本宝宝有点不开心了,3,愤怒,2,0.81630373,0.04221295,0.00021141043,0.81630373,0.14126387,9.3259246e-08,8.022975e-06,标签错误,悲伤,中,精神落差后不开心，偏失落,标签错误
257,愤怒→悲伤,我就晕了。,3,愤怒,2,0.8156106,0.0047762664,8.832988e-06,0.8156106,0.17950036,9.248514e-05,1.15140065e-05,边界模糊,悲伤,低,文本太短，情绪信息不足,边界模糊
256,愤怒→悲伤,我最近是怎么了，一直处于昏睡状态，浑身无力……,3,愤怒,2,0.8132283,0.0003891265,2.5263633e-05,0.8132283,0.18513626,1.12722695e-07,0.0012208817,标签错误,悲伤,中,昏睡无力，偏无奈沮丧,标签错误
255,愤怒→悲伤,为什么男人一个月也总有那么就好擦,3,愤怒,2,0.81254697,0.0055642454,5.2374558e-06,0.81254697,0.18188207,7.3261766e-08,1.4288969e-06,边界模糊,愤怒,低,表述不清，难判主导情绪,边界模糊
254,愤怒→悲伤,[抓狂]吃了太多青枣和零食，肚子都鼓起来了，看样子起码三个月！,3,愤怒,2,0.81254065,0.004170876,1.2101242e-06,0.81254065,0.18328515,4.641263e-09,2.0874327e-06,标签错误,悲伤,中,吐槽吃多，偏无奈自嘲,标签错误
253,愤怒→悲伤,前排各种枪林弹雨各种伤不起啊!!....,3,愤怒,2,0.8118525,0.017659228,1.6671407e-05,0.8118525,0.17046136,6.254858e-07,9.572945e-06,标签错误,悲伤,中,伤不起，偏无奈受挫,标签错误
252,愤怒→悲伤,这个月我都第二次躺病床上啦。他大爷，往年没这么衰啊！,3,愤怒,2,0.8109653,0.004450619,4.26369e-06,0.8109653,0.18457828,5.43082e-07,9.955702e-07,标签错误,悲伤,中,感叹倒霉，偏无奈沮丧,标签错误
251,愤怒→悲伤,想当初姐可是无敌铁金刚啊，感冒神马的从来不困扰姐，最严重也就个口腔溃疡！现如今，咳嗽感冒一个接一个，好吧，宝贝，麻麻把我的免疫力都给你了，只要你健康就好,3,愤怒,2,0.8108915,0.068630576,5.139193e-05,0.8108915,0.12042228,1.3439339e-08,4.2272977e-06,标签错误,悲伤,中,感叹体质变差，偏无奈,标签错误
250,愤怒→悲伤,失眠了，昨晚一夜未睡。现如今又睡不着,3,愤怒,2,0.8099943,0.0023471848,0.00013120874,0.8099943,0.18388091,1.263764e-07,0.0036462324,标签错误,焦虑,中,失眠睡不着，偏焦灼不安,标签错误
249,愤怒→悲伤,要上到下午五点……[抓狂][抓狂],3,愤怒,2,0.8063106,0.0009125797,7.126507e-06,0.8063106,0.19276875,1.5015074e-07,7.451032e-07,标签正确,愤怒,中,抓狂表情表达烦躁不满，偏愤怒,标签正确
248,愤怒→悲伤,犯了错不可怕，可怕是你犯了错但还没酿成大祸时，有人发现却不跟你说，等着事情发现看着你死。落井下石的小人。,3,愤怒,2,0.80612504,0.029374963,1.195244e-05,0.80612504,0.16442584,3.596673e-05,2.6225187e-05,标签正确,愤怒,高,斥责落井下石小人，明显愤怒,标签正确
246,愤怒→悲伤,每年到这个月份就会长出一颗智齿来闹一闹投降,3,愤怒,2,0.8016364,0.026365126,5.304395e-06,0.8016364,0.17198688,5.173875e-06,1.1251472e-06,边界模糊,悲伤,低,智齿闹腾吐槽，情绪信息不足,边界模糊
245,愤怒→悲伤,哎我看这2015年还是乖乖加班好好工作吧每次一动念头就是这个病那个住院的真是伤不起,3,愤怒,2,0.7996598,0.0016359524,6.39574e-05,0.7996598,0.1986138,5.9676654e-06,2.0543699e-05,边界模糊,悲伤,低,无奈吐槽加班，悲伤焦虑难分,边界模糊
244,愤怒→悲伤,睡不着肿么办明天要上班的啊！！！真是要人命！翻来覆去快两个小时了，睡不着啊！！！,3,愤怒,2,0.79895055,0.003156221,6.112659e-05,0.79895055,0.19749802,9.047334e-08,0.00033396605,标签错误,焦虑,高,睡不着担心上班，典型焦虑,标签错误
243,愤怒→悲伤,[大哭][大哭][大哭][大哭]屋里什么都是坏的。。。,3,愤怒,2,0.79730296,0.0022394792,1.1752403e-05,0.79730296,0.20044471,1.7655205e-07,8.647092e-07,标签错误,悲伤,中,大哭表情，侧重难过沮丧,标签错误
242,愤怒→悲伤,国难当头，哄抬物价，20块钱的口罩涨价到了140元，可悲#国内确诊291例新型冠状病毒肺炎病例# ??西安·浐灞园半岛,3,愤怒,2,0.7961689,0.0019782898,3.8006458e-06,0.7961689,0.20184745,3.4507167e-08,1.5468542e-06,标签正确,愤怒,高,指责哄抬物价，强烈不满,标签正确
241,愤怒→悲伤,今天把橱柜吊柜安好了，气表柜等安完天然气表再安。洗衣机台面还是没处理，说等下次一起弄。简直服了百V了，活儿出问题、没时间观念约了9点半10点半才来、管理混乱、设计不专业，就一个橱柜问题百出，我的五个衣柜储物柜前途未知啊,3,愤怒,2,0.79269236,0.0012308777,4.560004e-05,0.79269236,0.20602801,1.0284671e-07,2.9852565e-06,标签正确,愤怒,高,吐槽装修公司问题，指责不满,标签正确
240,愤怒→悲伤,谁懂我现在的心情吗sbsbsbSB！！！,3,愤怒,2,0.7925894,0.0063280477,5.160392e-06,0.7925894,0.20107558,9.158321e-08,1.6133487e-06,标签正确,愤怒,高,连骂SB，明显愤怒发泄,标签正确
239,愤怒→悲伤,你心情不好，不见的我心情好，人人都要我安慰，谁来安慰我,3,愤怒,2,0.791013,0.024873698,1.1827894e-05,0.791013,0.18409435,7.776784e-07,6.4006426e-06,标签正确,愤怒,中,抱怨无人安慰，带指责不满,标签正确
237,愤怒→悲伤,你是统治者，我是百姓，文字游戏，我真陪你玩不起……,3,愤怒,2,0.78993446,0.010531299,7.1249933e-06,0.78993446,0.19952443,2.375342e-07,2.3985208e-06,标签错误,悲伤,中,无奈无力感为主，非愤怒,标签错误
236,愤怒→悲伤,不想上班了，辞职不让走，我天天就闲闲的等着被辞职。。快辞我吧辞我吧,3,愤怒,2,0.7894339,0.0026472544,1.3810715e-05,0.7894339,0.20790195,2.2488025e-07,2.9239945e-06,标签错误,焦虑,中,等待被辞的焦灼烦躁,标签错误
235,愤怒→悲伤,女神被牵走了，不开心，写作业的，不玩呐～,3,愤怒,2,0.788618,0.017679837,6.2615395e-06,0.788618,0.19368903,4.9301593e-06,1.8492366e-06,标签错误,悲伤,高,女神被牵走，失落不开心,标签错误
234,愤怒→悲伤,都爱听人话却不会说,3,愤怒,2,0.7874282,0.0066301078,1.44549595e-05,0.7874282,0.20592505,1.1010036e-07,2.1006954e-06,边界模糊,愤怒,低,文本太短，情绪指向不明,边界模糊
232,愤怒→悲伤,早上起床，洗个澡，中午下课，洗个澡，午睡后，洗个澡，下午下课后，洗个澡，晚饭后洗个澡，下晚自习后洗个澡，晚上睡觉前，洗个澡，睡不着了，洗个澡。,3,愤怒,2,0.78646255,0.015984828,1.8643283e-05,0.78646255,0.19745916,5.568948e-08,7.47465e-05,边界模糊,焦虑,低,反复洗澡，疑似强迫焦虑,边界模糊
230,愤怒→悲伤,发疯，没办法解决…………什么是妥协，什么是独立。,3,愤怒,2,0.78577304,0.0031954579,5.479637e-06,0.78577304,0.21102256,6.024204e-08,3.409754e-06,标签错误,焦虑,中,发疯纠结，无解焦灼,标签错误
229,愤怒→悲伤,每次回家，老爸都会买袋苹果给我带过来。我时常表现出厌恶麻烦的情绪。在这里，我想说声对不起！！！老爸我错了！！！,3,愤怒,2,0.7857481,0.002077928,4.916985e-06,0.7857481,0.21216859,4.063931e-09,4.1649375e-07,标签错误,感激,高,对老爸道歉感恩,标签错误
228,愤怒→悲伤,为何这么晚了还那么有精神呢，明天还要上班呢能乖乖💤么,3,愤怒,2,0.7857364,0.0021800224,6.9302073e-06,0.7857364,0.2120756,1.6574124e-07,8.591121e-07,标签错误,焦虑,中,担心失眠影响上班,标签错误
227,愤怒→悲伤,脑子废掉了，坐火车尽然忘了带身份证,3,愤怒,2,0.78466904,0.0016043719,1.0076237e-05,0.78466904,0.21371245,3.2302605e-08,4.004386e-06,标签错误,悲伤,中,忘带身份证，懊恼沮丧,标签错误
223,愤怒→悲伤,生活真是太不美好了，不就是买个五毛钱的胶带吗，还给我搞丢了,3,愤怒,2,0.7784767,0.0032057406,2.9133923e-06,0.7784767,0.21831429,4.0814157e-08,3.233314e-07,标签错误,悲伤,中,生活不美好，失落无奈,标签错误
221,愤怒→悲伤,晚上入睡前好好的，睡着了以后竟然开始不停地咳嗽（这是靠意志嘛！！！？！！）咳醒以后迷迷糊糊只觉天黑地暗心中只有一个想法…让我赶紧先睡着好么早上起来我就去买药吃好么怎么每学期就要有一段咳嗽咳嗽咳嗽咳嗽的时间呢关键是都在晚上宝宝要睡觉啊,3,愤怒,2,0.77663165,0.0036013455,5.2328123e-05,0.77663165,0.21960498,9.8116456e-05,1.155027e-05,标签错误,焦虑,中,咳嗽扰睡，焦灼想快睡着买药,标签错误
220,愤怒→悲伤,看不懂人话，你可以走了！,3,愤怒,2,0.776286,0.03139081,5.3847625e-06,0.776286,0.19231614,3.897158e-07,1.2413593e-06,标签正确,愤怒,高,斥责对方不懂人话，直接驱赶,标签正确
218,愤怒→悲伤,我这是被盗号了吗？怎么转了这么多乱七八糟的？！！删到手痛,3,愤怒,2,0.7750981,0.0011889597,7.795789e-06,0.7750981,0.22370304,7.3933916e-07,1.3745826e-06,标签正确,愤怒,中,被盗号乱转，强烈不满抱怨,标签正确
216,愤怒→悲伤,整天就会出一张嘴，你看看我还会不会帮忙。,3,愤怒,2,0.7738215,0.050343476,6.1749015e-06,0.7738215,0.17505327,6.9933674e-07,0.0007749059,标签正确,愤怒,高,指责对方只会说嘴，威胁不帮,标签正确
215,愤怒→悲伤,最近心情烦透了，睡觉不是睡不着就是做噩梦，工作又繁忙，，都走吧，都离我而去，都成为过客，连个说话的人也找不到。,3,愤怒,2,0.7705222,0.00040996456,4.635569e-06,0.7705222,0.2290616,4.3349285e-08,1.531856e-06,边界模糊,悲伤,低,烦躁孤独失落交织，难分主次,边界模糊
214,愤怒→悲伤,最近生活中的下坡路就这样吧没希望,3,愤怒,2,0.76645327,0.016932923,0.00013841875,0.76645327,0.21646169,8.122297e-06,5.583566e-06,标签错误,悲伤,高,下坡路没希望，明显失落无奈,标签错误
213,愤怒→悲伤,脚面疼跑休15天，早上跑后又开始疼了，天哪不敢再疼了都胖3公斤了,3,愤怒,2,0.7661554,0.0017120304,1.2693154e-05,0.7661554,0.23211959,1.6856356e-08,3.219062e-07,标签错误,焦虑,中,怕再疼、发胖，担忧不安,标签错误
212,愤怒→悲伤,室友喝醉酒笑了两个小时，现在又开始哭了。。我早上还有课啊，我也要哭了,3,愤怒,2,0.76610327,0.003571341,1.9853884e-05,0.76610327,0.23030074,3.1762224e-07,4.4259964e-06,标签错误,焦虑,中,室友吵闹影响早课，烦躁无奈,标签错误
210,愤怒→悲伤,后悔下午喝了杯咖啡睡不着睡不着睡不着重要的事情说三遍,3,愤怒,2,0.76379746,0.0046304814,9.86224e-05,0.76379746,0.21831681,7.148659e-08,0.013156571,标签错误,焦虑,中,咖啡致失眠，烦躁焦灼,标签错误
209,愤怒→悲伤,完全没有美感！,3,愤怒,2,0.75968,0.0032912358,1.084761e-05,0.75968,0.237017,2.8207335e-08,9.531891e-07,标签正确,愤怒,中,强烈否定，不满指责无美感,标签正确
208,愤怒→悲伤,很想逃离这种生活，但是前提现在必须要努力~~我很想去玩，但是我很在乎现在的一切，怎么经常徘徊在这些因素之间矛盾，我是不是应该要修心养性？,3,愤怒,2,0.7571565,0.0025893797,2.1164963e-06,0.7571565,0.24024823,2.4482236e-07,3.4570378e-06,边界模糊,焦虑,中,矛盾徘徊，焦虑与无奈交织难分主次,边界模糊
207,愤怒→悲伤,今天去医院建卡，从七点半折腾到十点多，抽了七管血,3,愤怒,2,0.75674653,0.0013055587,4.092255e-06,0.75674653,0.24187487,2.3024961e-07,6.868434e-05,边界模糊,悲伤,低,仅陈述事实，无明显情绪信息,边界模糊
206,愤怒→悲伤,失眠就是定时关闭重新设定n遍。是要多少个30分钟才能让自己睡着真tm想起来刷题啊,3,愤怒,2,0.75390357,0.0015865032,7.417203e-06,0.75390357,0.24449198,1.344112e-07,1.04989185e-05,标签错误,焦虑,中,失眠烦躁，属焦虑而非愤怒,标签错误
205,愤怒→悲伤,停电了各种黑漆很苦逼有木有有木有！！！,3,愤怒,2,0.7523077,0.0083119385,2.7115713e-05,0.7523077,0.23933487,1.4423794e-07,1.821373e-05,标签错误,悲伤,中,吐槽苦逼，侧重受挫难受,标签错误
204,愤怒→悲伤,MAQUIA，第一次还没点开这图翻墙软件就瘫痪了，回国后用过的翻墙软件死了一个又一个，再这样下去都不知道能用什么了[泪],3,愤怒,2,0.7513502,0.0015844752,1.3086052e-05,0.7513502,0.2467192,0.0002406745,9.238769e-05,标签错误,悲伤,中,无奈哀叹，非愤怒指责,标签错误
203,愤怒→悲伤,唉～好难过，我有点儿生气，不是因为我被吵醒了，而是醒来后我特饿，想吃炸鸡排、炒年糕、咖喱牛肉饭、汉堡包、串串儿、泡面、辣条、包子、大闸蟹、热狗肠……,3,愤怒,2,0.7507824,0.0007722514,1.1056985e-05,0.7507824,0.24843392,5.5475507e-08,2.9943078e-07,边界模糊,悲伤,中,难过与生气并存，难分主次,边界模糊
202,愤怒→悲伤,年底难免都有点不顺现在是心不顺气不顺身体也不顺,3,愤怒,2,0.74996275,0.0038096474,9.622863e-05,0.74996275,0.246111,1.3546302e-05,6.8367594e-06,标签错误,悲伤,中,心气身体不顺，无奈沮丧,标签错误
201,愤怒→悲伤,又做了挫事，用自己的流量看了一集电视，流量严重超出，我真的是猪啊。。。。。。,3,愤怒,2,0.74972695,0.0039453446,4.422159e-06,0.74972695,0.24632172,6.170534e-08,1.5047189e-06,标签错误,悲伤,中,自责懊恼，非愤怒,标签错误
200,愤怒→悲伤,2014年的这个时候我到底在干嘛！！！,3,愤怒,2,0.7496876,0.016209634,4.2116653e-06,0.7496876,0.23394372,4.3872873e-07,0.00015434432,边界模糊,悲伤,低,文本太短，情绪信息不足,边界模糊
199,愤怒→悲伤,当我向爸妈描述新型肺炎多严重时。。。 ??,3,愤怒,2,0.7484854,0.004667666,3.6855756e-06,0.7484854,0.24683806,4.3578457e-06,8.8149136e-07,边界模糊,焦虑,低,文本不完整，无法判定情绪,边界模糊
198,愤怒→悲伤,几辈子都不会买各类FiatChrysler的车,3,愤怒,2,0.7480367,0.013932319,2.473224e-05,0.7480367,0.23799844,1.5001406e-07,7.671612e-06,标签正确,愤怒,中,表达对品牌强烈排斥，属不满,标签正确
197,愤怒→悲伤,我的工作离职还没有办完，单位还让我等通知，到现在还没有信。9好到现在办理离职很烦。企业对待个人问题能推就推。哎,3,愤怒,2,0.74639857,0.0013639656,1.8366061e-05,0.74639857,0.2522158,5.6480793e-08,3.1864151e-06,标签正确,愤怒,中,指责企业推诿，主导为不满,标签正确
196,愤怒→悲伤,当当买过一次书，发现错了，要求退换，过程痛苦，搭了时间和邮费，结果石沉大海，快两年了。。,3,愤怒,2,0.7458929,0.0055442895,1.1246657e-05,0.7458929,0.2485488,5.8192793e-08,2.686496e-06,标签正确,愤怒,中,抱怨售后无果，含指责不满,标签正确
195,愤怒→悲伤,口语大赛初赛，就两个老师，你紧张个啥啊，准备的好好的稿子一下去全忘完，衰👽，还好表现的还算过得去🌟，下次绝对不会了,3,愤怒,2,0.7446888,0.01810803,0.00011766803,0.7446888,0.23704815,1.0986008e-06,3.6286998e-05,标签错误,悲伤,中,自责懊恼失落，非愤怒,标签错误
194,愤怒→悲伤,真心的，我们真是可怜的一代，不管什么都坎坷，读研要学费就算了，刚来奖学金就缩水。,3,愤怒,2,0.7443935,0.0028371052,7.0124665e-06,0.7443935,0.25275862,1.5655247e-07,3.6422412e-06,标签正确,愤怒,中,抱怨命运不公，含不满指责,标签正确
193,愤怒→悲伤,集体下跪，大声喊冤58你相信这是一起交通事故吗,3,愤怒,2,0.74068904,0.005774585,2.10627e-05,0.74068904,0.2519745,0.0015360713,4.7541157e-06,标签正确,愤怒,中,质疑喊冤，含强烈不满,标签正确
192,愤怒→悲伤,MD 原来我穿4号 我一定要减到0号身材- -明天穿什么鞋子内衣呢。。。,3,愤怒,2,0.7400467,0.07860508,1.8647142e-05,0.7400467,0.18130025,1.9304955e-05,1.0110237e-05,标签错误,焦虑,中,纠结身材和穿着，偏焦虑,标签错误
191,愤怒→悲伤,经理：“真拿琼斯没办法。我曾安排他在三个柜台工作，可他一天到晚总是打瞌睡……”,3,愤怒,2,0.7390911,0.002462433,1.7248998e-05,0.7390911,0.25842738,2.8539107e-08,1.7967903e-06,标签正确,愤怒,中,经理抱怨无奈，含指责,标签正确
189,愤怒→悲伤,爷爷去合肥考试带我买的胡巴可惜被妈妈捏的黑乎乎的了,3,愤怒,2,0.73727375,0.035382077,3.367387e-06,0.73727375,0.2273389,1.4303248e-06,5.272038e-07,标签错误,悲伤,中,惋惜玩具被捏坏，偏失落,标签错误
188,愤怒→悲伤,似乎到了极限，泪奔的心情都快出现了,3,愤怒,2,0.7362003,0.003012347,1.1141895e-05,0.7362003,0.2607684,1.916493e-07,7.70519e-06,标签错误,悲伤,中,到极限想哭，偏悲伤,标签错误
187,愤怒→悲伤,我彻底自我检讨！[泪][泪][泪],3,愤怒,2,0.7349525,0.004217351,1.7143744e-05,0.7349525,0.26080817,9.615937e-07,3.930326e-06,边界模糊,悲伤,低,仅自我检讨加哭泣，情绪信息不足,边界模糊
186,愤怒→悲伤,他有10块，给你10块！他有10块，给你1块！你是被羡慕的那一个，还是被嘲笑的那一个？真是说不出的滋味，只有自已懂,3,愤怒,2,0.73311025,0.06606518,1.1849402e-05,0.73311025,0.2008086,7.352151e-08,4.0937707e-06,边界模糊,悲伤,低,感慨羡慕嘲笑，情绪指向不明,边界模糊
185,愤怒→悲伤,刚才在超市看见散装的辣沙丁鱼和辣灯影牛肉，觉得超有食欲，于是便买了些。买之前那个阿姨说可以让我先尝一点，为了装斯文愣是没尝，这下好了，刚刚打开发现嚼不动，一百多大洋白花了,3,愤怒,2,0.7312776,0.02468435,1.8217766e-05,0.7312776,0.24401818,4.6207205e-07,1.1494487e-06,标签错误,悲伤,中,白花钱懊恼，主导为失落无奈,标签错误
184,愤怒→悲伤,哇，幸福的好纠结啊。。。,3,愤怒,2,0.7287397,0.12457313,1.4261493e-05,0.7287397,0.14653307,2.5442241e-05,0.00011437938,边界模糊,开心,低,幸福又纠结，情绪矛盾难判,边界模糊
183,愤怒→悲伤,一早来看到桌面那么乱，真的好讨厌，就不能用了放好点吗，有洁癖的人真伤不起,3,愤怒,2,0.7280206,0.0005318977,9.907789e-06,0.7280206,0.27143696,5.1754967e-07,1.2457599e-07,标签正确,愤怒,高,讨厌乱放，指责他人不满,标签正确
182,愤怒→悲伤,把自己的钥匙丢了，好不容易借来舍友的钥匙，又丢了。,3,愤怒,2,0.72795486,0.0028914993,9.317536e-06,0.72795486,0.12413189,3.4097505e-07,0.1450121,标签错误,悲伤,中,丢钥匙无奈沮丧，非愤怒,标签错误
181,愤怒→悲伤,早上的好心情因为一个消息都被破坏掉了，STJ,3,愤怒,2,0.72604895,0.0038566068,4.7810354e-06,0.72604895,0.27008876,3.1550772e-07,6.5257177e-07,标签错误,悲伤,中,好心情被破坏，失落难过,标签错误
179,愤怒→悲伤,喝了一杯咖啡嗦了两碗嗦螺睡不着觉了,3,愤怒,2,0.72055686,0.0050949925,3.2600175e-05,0.72055686,0.274236,4.0017014e-08,7.9520556e-05,边界模糊,焦虑,低,睡不着陈述，无明显情绪,边界模糊
178,愤怒→悲伤,努力的想睡去，却怎么也睡不着，哎呀,3,愤怒,2,0.72015643,0.0015742657,2.4126886e-05,0.72015643,0.27765417,5.8886087e-08,0.0005909786,标签错误,焦虑,中,想睡睡不着，烦躁焦虑,标签错误
177,愤怒→悲伤,天朝一边加班加点印钞往老百姓钱袋子里兑水，一边给几度向自己刀枪割肉的强盗慷慨解囊，真是没法说，问候他先人吧,3,愤怒,2,0.71791905,0.1703916,1.8729947e-05,0.71791905,0.11166152,6.105725e-07,8.386182e-06,标签正确,愤怒,高,指责政策，强烈不满辱骂,标签正确
176,愤怒→悲伤,跑步膝盖还是不舒服，都已经休息好几天了，到底要怎样才能恢复正常啊，天要亡我，不让我瘦,3,愤怒,2,0.71546054,0.0015734952,6.9055186e-06,0.71546054,0.2829577,1.0664818e-07,1.2382885e-06,标签错误,悲伤,中,无奈哀叹，非指责他人,标签错误
175,愤怒→悲伤,#全国确诊新型肺炎病例#唉……很不赞成造谣传谣，也不想相信有瞒报，只是近几年zf公信力下降太快，其实自己心里已经开始怀疑了。哎呀我还是关注官方吧[泪] ??,3,愤怒,2,0.7145226,0.032849297,0.00016653279,0.7145226,0.13253076,0.09990971,0.020021081,标签错误,焦虑,中,担忧怀疑，内心不安,标签错误
174,愤怒→悲伤,我蒸的hin饿却又不知道该吃什么心累。累。lei。ei。i。,3,愤怒,2,0.7139002,0.0030209848,2.3755412e-05,0.7139002,0.28304884,1.0990978e-07,6.101349e-06,标签错误,悲伤,中,心累无奈，非愤怒,标签错误
172,愤怒→悲伤,晚睡强迫症晚期不想睡的时候就天马行空最后还是会想到家里想到那些许久不见的人儿,3,愤怒,2,0.7090884,0.0030902477,1.1166036e-05,0.7090884,0.28764597,1.2240898e-06,0.00016299881,边界模糊,悲伤,低,思念感伤，情绪强度弱,边界模糊
171,愤怒→悲伤,穷疯了吗？,3,愤怒,2,0.7083247,0.0060183764,9.553366e-06,0.7083247,0.285634,6.258177e-07,1.28474085e-05,标签正确,愤怒,中,质问指责，强烈不满,标签正确
170,愤怒→悲伤,穿了一件长的大的棉的衣服去上油画课弄一身回来洗干净换了一件又去上课回来又是一身,3,愤怒,2,0.7073419,0.068945765,8.643286e-06,0.7073419,0.22370233,5.964003e-07,8.38426e-07,边界模糊,悲伤,低,吐槽倒霉，情绪信息不足,边界模糊
168,愤怒→悲伤,后来，我就不开心了今天也不开心。被气哭了借别个钱还被别个骂，真伤心,3,愤怒,2,0.70421773,0.0010175139,6.1461133e-06,0.70421773,0.29475754,6.585841e-08,9.661445e-07,标签正确,愤怒,中,被骂伤心，含指责,标签正确
167,愤怒→悲伤,宝宝的喂养问题到底出在了哪？为什么就是不吃奶粉奶瓶，就对我情有独钟？cd已经三天没好好吃饭了，这会又哭个不停，搞的我也想哭,3,愤怒,2,0.70219696,0.0010292325,6.372729e-06,0.70219696,0.29676688,1.7174898e-08,4.8200246e-07,标签错误,焦虑,中,担忧喂养，焦灼想哭,标签错误
166,愤怒→悲伤,兴奋到这个点睡不着，我也是醉了,3,愤怒,2,0.7015024,0.18939336,8.524496e-05,0.7015024,0.10896385,2.374932e-07,5.4929114e-05,标签错误,开心,中,兴奋睡不着，非愤怒,标签错误
165,愤怒→悲伤,至少努力努力过了😔😔😔😔😔还是那样的不如意,3,愤怒,2,0.70110345,0.03347109,2.4729668e-05,0.70110345,0.26539427,1.0226933e-06,5.461206e-06,标签错误,悲伤,中,努力不如意，失落难过,标签错误
163,愤怒→悲伤,失眠到三点半才睡着，现在又要TM的起早床,3,愤怒,2,0.69805306,0.0013242789,1.23201335e-05,0.69805306,0.30060074,8.745651e-08,9.4988845e-06,标签错误,悲伤,中,失眠被迫早起，无奈沮丧为主,标签错误
162,愤怒→悲伤,真是郁闷，每次回家想到要打车就头疼。,3,愤怒,2,0.69753546,0.0016656765,2.8832337e-05,0.69753546,0.30074143,2.9269138e-08,2.8577424e-05,标签错误,悲伤,中,郁闷头疼，内心受挫难受,标签错误
161,愤怒→悲伤,嗨，你啥时候能好！给个准话，最近对你可伤心了,3,愤怒,2,0.6974263,0.011938289,3.4029458e-06,0.6974263,0.2906313,1.3293182e-07,5.849262e-07,标签错误,悲伤,中,对对方伤心，失落委屈,标签错误
160,愤怒→悲伤,可依然有风险，一定要抱对了；一旦抱错了，后果嘛。。。。,3,愤怒,2,0.69598264,0.14903773,7.968585e-06,0.69598264,0.15487018,4.6370264e-05,5.508259e-05,边界模糊,焦虑,低,仅陈述风险，情绪信息不足,边界模糊
159,愤怒→悲伤,不开心！超级超级超级不开心！noanyreason，justonlyunhappy！,3,愤怒,2,0.6932416,0.0023938874,1.0623601e-05,0.6932416,0.30435306,7.423368e-08,7.933081e-07,标签错误,悲伤,高,反复强调不开心，情绪低落,标签错误
157,愤怒→悲伤,好想回到瘦子的时候，现在穿什么都不好看，买衣服整天都要退,3,愤怒,2,0.6922392,0.0010835064,1.0776056e-05,0.6922392,0.30666426,2.8884253e-08,2.2576448e-06,标签错误,悲伤,中,怀念瘦时，对现状失落,标签错误
156,愤怒→悲伤,一心只图速红爆，全不知遗臭万年。,3,愤怒,2,0.6897429,0.042309526,3.514694e-05,0.6897429,0.26789728,7.604719e-08,1.4964453e-05,标签正确,愤怒,中,指责讽刺他人，强烈不满,标签正确
155,愤怒→悲伤,最近刷淘宝，想了无数种瘦下来穿啥，就TMD等着瘦啦啊,3,愤怒,2,0.6895672,0.0630822,6.0574507e-06,0.6895672,0.24733913,1.13841466e-07,5.3299564e-06,标签错误,焦虑,中,急切等瘦，烦躁焦灼,标签错误
154,愤怒→悲伤,一路走来，跌宕起伏，以前很多事都想拼命的忘记，可以后来发现那只是懦夫的表现！于是忘着忘着，该忘的不该忘的，全记不起来了，这是对自己的惩罚，突然很恐惧，不是畏惧死亡，而是不敢面对生病的自己～～好像病的很重，回顾过去为什么不对自己好一点呢！归根到底最恨的应该还是自己吧！,3,愤怒,2,0.6895458,0.011642085,1.3458274e-05,0.6895458,0.2987717,3.7030975e-06,2.3243743e-05,标签错误,恐惧,中,明确说恐惧，怕面对生病,标签错误
152,愤怒→悲伤,大学本科评估在寝室不准睡觉不准玩游戏不准打牌，那还能做什么,3,愤怒,2,0.68407935,0.00054239156,1.2740533e-05,0.68407935,0.31535017,3.149941e-06,1.2132315e-05,标签错误,悲伤,中,抱怨规定，无奈沮丧为主,标签错误
151,愤怒→悲伤,呵呵，啥事都干过了，却又觉得就那样了。,3,愤怒,2,0.68373305,0.1283689,3.3045577e-05,0.68373305,0.1877918,1.10928376e-07,7.313521e-05,标签错误,悲伤,中,无奈失落，非愤怒,标签错误
148,愤怒→悲伤,不知道自己追求的是什么，不想上班,3,愤怒,2,0.68256193,0.002159401,3.678046e-05,0.68256193,0.31523412,3.3543546e-07,7.383488e-06,标签错误,焦虑,中,迷茫不想上班，焦虑,标签错误
147,愤怒→悲伤,研发软件是为了让工作变得简单还是更难为什么苍穹建库那么难,3,愤怒,2,0.6815291,0.0010958011,3.2318167e-05,0.6815291,0.31734002,4.0511054e-07,2.269743e-06,标签错误,愤怒,低,抱怨难度，偏烦躁,边界模糊
145,愤怒→悲伤,我！终于！TMD给笔记本换了新内存！！！现在开始重装系统……我之前特么是有病才会一时脑抽装了win8呀……唉，说多了全是泪,3,愤怒,2,0.6789052,0.005540727,3.3194527e-05,0.6789052,0.3155145,9.5259446e-07,5.518362e-06,标签错误,悲伤,中,自嘲后悔，无奈,标签错误
144,愤怒→悲伤,单纯的又虎又蠢 青菀啊:从后续看，就是当时想挥手了...,3,愤怒,2,0.67872983,0.081405744,7.561793e-06,0.67872983,0.23981294,3.4331984e-05,9.614407e-06,边界模糊,愤怒,低,信息不足，难判情绪,边界模糊
143,愤怒→悲伤,上班一个多小时，还是好困眼睛睁不开，睡不够睡不够睡不够,3,愤怒,2,0.67798895,0.00069801614,5.9448954e-05,0.67798895,0.32120183,1.0140057e-07,5.1609913e-05,标签错误,悲伤,中,困倦无奈，非愤怒,标签错误
142,愤怒→悲伤,嘴巴不能消停会吗整天balabala头都疼,3,愤怒,2,0.6772638,0.0024402852,3.858805e-06,0.6772638,0.32029167,4.8336375e-08,3.0837793e-07,标签正确,愤怒,高,指责抱怨，明显愤怒,标签正确
140,愤怒→悲伤,终于，征程闹剧般结束了，应验了一句俗语：没有最坏，只有更坏!只有更丢人的!,3,愤怒,2,0.67384607,0.11658391,1.4709989e-05,0.67384607,0.20955044,8.208185e-08,4.836266e-06,标签错误,悲伤,中,哀叹无奈，非愤怒,标签错误
139,愤怒→悲伤,只有自己一头热，还要忍受冷言冷语，and表情。,3,愤怒,2,0.6730987,0.029452894,3.486763e-06,0.6730987,0.2974437,3.869429e-07,8.371656e-07,标签错误,悲伤,中,委屈失落，非愤怒,标签错误
138,愤怒→悲伤,说话前想清楚自己什么身份好吗...,3,愤怒,2,0.67276096,0.009883383,3.4514687e-06,0.67276096,0.31734914,1.3774488e-06,1.7409512e-06,标签正确,愤怒,高,斥责他人，明显愤怒,标签正确
136,愤怒→悲伤,下午出门去办就诊卡，还没到医院走在人行道了，一辆逆行的骑自行车的人骑过，隔着3m远，一道白光落在脚下，一看一口痰啊，此人略显诧异立刻继续骑车离去，头也不回。,3,愤怒,2,0.672083,0.010207192,5.6713784e-06,0.672083,0.31763306,7.057192e-05,5.1325424e-07,标签错误,愤怒,中,遭遇吐痰，隐含对骑车人的不满指责,边界模糊
135,愤怒→悲伤,我以为我不会生气，可是看到后还是很生气其实我也猜的到，可是这叫什么？这叫什么都不懂得珍惜都知道即将失去机会，还是这么放纵,3,愤怒,2,0.6701048,0.002074933,1.2297257e-05,0.6701048,0.3278068,2.6537867e-07,8.883703e-07,标签正确,愤怒,高,明确表达生气，指责对方不珍惜,标签正确
134,愤怒→悲伤,回家哭着吃包子去吧,3,愤怒,2,0.66516685,0.1301305,6.594263e-06,0.66516685,0.2046865,2.0101052e-06,7.518614e-06,边界模糊,悲伤,低,文本太短，哭着吃包子情绪难定,边界模糊
133,愤怒→悲伤,忙碌的一天 诶 下午的时候真是忙死了·~~,3,愤怒,2,0.6643536,0.004402879,5.2626605e-05,0.6643536,0.33113635,2.7243723e-07,5.4320157e-05,边界模糊,焦虑,低,吐槽忙碌，无明确主导情绪,边界模糊
132,愤怒→悲伤,好晕啊好晕啊好晕啊！！！,3,愤怒,2,0.6611841,0.013482568,2.1780008e-05,0.6611841,0.32528964,1.4297142e-05,7.698797e-06,边界模糊,焦虑,低,重复喊晕，情绪信息不足,边界模糊
130,愤怒→悲伤,王福重:这还是中国排名前十的城市 其实很多事情 啥进步也没有,3,愤怒,2,0.6590606,0.0073185563,3.1217827e-05,0.6590606,0.3335723,3.9813833e-07,1.6847212e-05,标签正确,愤怒,中,批评城市无进步，含不满指责,标签正确
129,愤怒→悲伤,昨晚故意三点才睡，以为这样就会睡得好一点。但什么事都没有得就又醒来了…我的睡个好觉得目标好像很难实现得样子咯。,3,愤怒,2,0.65814716,0.0023577774,3.1424051e-06,0.65814716,0.335732,1.8998557e-07,0.00375969,标签错误,悲伤,中,失眠无奈失落，主导为悲伤,标签错误
128,愤怒→悲伤,阳光灿烂，我以为会很暖。当我出去后，我明白了那句话：你以为的就是你以为的你以为吗？,3,愤怒,2,0.6580024,0.010743146,2.0117825e-06,0.6580024,0.33124924,1.2252231e-06,1.9480315e-06,标签错误,悲伤,中,期待落空，无奈失落感为主,标签错误
125,愤怒→悲伤,别不好意思拒绝别人，因为那些好意思难为你的人，都不是什么好人。,3,愤怒,2,0.6525426,0.17140609,1.48430345e-05,0.6525426,0.17600262,2.1135663e-06,3.170678e-05,标签正确,愤怒,高,指责难为他人者非好人,标签正确
123,愤怒→悲伤,桂花树及其它。其实吧，我觉得我有些拍的还行，但是被我爸说得一文不值的算，我自己欣赏还不成嘛！,3,愤怒,2,0.6498547,0.070887215,8.365856e-06,0.6498547,0.27923167,8.312642e-08,1.7990207e-05,标签正确,愤怒,中,被父亲贬低，含不满与反驳,标签正确
122,愤怒→悲伤,价格很不可爱 400多大洋一只,3,愤怒,2,0.6493229,0.0080379965,1.8221226e-05,0.6493229,0.34262043,8.250759e-08,3.9534132e-07,标签错误,悲伤,中,吐槽价格贵，无奈失落非愤怒,标签错误
121,愤怒→悲伤,熬熬熬……变成浆糊总可以结束了,3,愤怒,2,0.647277,0.0094100805,7.4717527e-06,0.647277,0.34330413,8.7789076e-08,1.2842057e-06,边界模糊,焦虑,低,熬字重复，情绪信息不足难判定,边界模糊
120,愤怒→悲伤,我把你当朋友，而你却不把我当朋友，那么我知道你不把我当朋友后，我还能把你当朋友吗？——献给生活中披着虚伪面具的“朋友”,3,愤怒,2,0.64710265,0.31277788,0.00018183887,0.64710265,0.03990069,4.379064e-06,3.2542084e-05,标签正确,愤怒,高,指责虚伪朋友，强烈不满,标签正确
119,愤怒→悲伤,看到这张试卷，我是醉了为什么不会呢？最基本的计算步骤，居然不会还说老师讲解了，才知道。重要的是他还没完全弄明白。还是我再出类型题他才明白的。上课看课外书，走神，说话的结果连最基本的都不懂希望你能反省,3,愤怒,2,0.6466899,0.0034847914,1.6353531e-05,0.6466899,0.34980735,1.090488e-07,1.5038011e-06,标签正确,愤怒,中,批评学生不认真，斥责语气,标签正确
118,愤怒→悲伤,AA啊啊啊啊啊回到家收到的初日票，我居然忘得那么彻底了我恨八木,3,愤怒,2,0.6465305,0.007017663,9.637423e-06,0.6465305,0.34644058,7.538121e-08,1.4723687e-06,标签正确,愤怒,中,我恨八木，直接表达愤怒,标签正确
117,愤怒→悲伤,我了个去啊……,3,愤怒,2,0.64298683,0.011589176,7.2068774e-06,0.64298683,0.34540534,7.4863806e-06,3.9432325e-06,边界模糊,愤怒,低,仅一句感叹，无具体情绪信息,边界模糊
116,愤怒→悲伤,越看IS心里越不平衡，他喵的= =怎么那么多青梅竹马（自己根本没有，捶地！）~,3,愤怒,2,0.64087236,0.029431101,4.404678e-06,0.64087236,0.3296898,2.4755387e-08,2.2002534e-06,标签错误,悲伤,中,心里不平衡，羡慕失落非愤怒,标签错误
115,愤怒→悲伤,我是真的没有办法和一个偏执狂继续生活下去了，到最后疯的不是她就是我。,3,愤怒,2,0.63994515,0.003687963,8.063764e-06,0.63994515,0.35635313,1.5217954e-07,5.5167097e-06,标签正确,愤怒,中,无法忍受偏执狂，强烈不满,标签正确
113,愤怒→悲伤,真心不知道说什么，自己的路，自己走吧！该说的，我也说的够多了,3,愤怒,2,0.6344091,0.0113371285,1.6300153e-05,0.6344091,0.35423324,1.6419935e-06,2.540818e-06,标签错误,悲伤,中,无奈放弃，失落非愤怒,标签错误
112,愤怒→悲伤,北方秀暖气！广东等地秀艳阳！那我们中间的呢中间的呢！我特么就快半个月没见过太阳了！已经下了不知道多久的雨了，冷死了,3,愤怒,2,0.6317707,0.0017293297,7.982053e-06,0.6317707,0.36649022,6.176211e-08,1.7316648e-06,标签正确,愤怒,中,抱怨天气，我特么表达不满,标签正确
111,愤怒→悲伤,失眠啊失眠有人像猪一样睡的那么爽。隔壁大叔的呼声可以和我旁边那位有的PK了。可是最可怜的是我啊是我啊,3,愤怒,2,0.6305484,0.004043241,1.9230656e-05,0.6305484,0.3653821,6.88047e-08,6.9316247e-06,标签错误,悲伤,中,失眠难受自怜，非愤怒,标签错误
110,愤怒→悲伤,数学45分，抄卷子10遍，下午受个处分,3,愤怒,2,0.629782,0.0038776305,4.1517767e-05,0.629782,0.3662963,4.6240592e-07,2.120048e-06,边界模糊,悲伤,低,陈述倒霉事，情绪信息不足,边界模糊
109,愤怒→悲伤,这多少天都见不到太阳了我的wd我的钙呢,3,愤怒,2,0.6296004,0.0069404645,1.3594354e-05,0.6296004,0.36344215,4.648987e-07,2.86599e-06,标签错误,悲伤,中,无奈哀叹缺太阳，非愤怒,标签错误
108,愤怒→悲伤,今年上半年的账到现在都没收回来，可怎么办啊？觉都睡不着了，老天爷帮帮忙吧，这群傻逼怎么老是欠款不还啊,3,愤怒,2,0.6269395,0.0010481837,5.1773727e-06,0.6269395,0.37199315,2.9460896e-08,1.398983e-05,标签正确,愤怒,中,指责傻逼欠款不还，愤怒主导,标签正确
106,愤怒→悲伤,好心疼峰峰生病了，要好好休息呀，还有他的团队连个人都照顾不好吗？麻烦尽职点好吗。峰峰现在那么瘦，要多吃点营养的。,3,愤怒,2,0.6262073,0.0026029402,1.2184793e-05,0.6262073,0.3711759,9.000702e-08,1.592983e-06,标签正确,愤怒,中,指责团队不尽职，愤怒主导,标签正确
105,愤怒→悲伤,如何做个优雅幸福的老师.这一切都是骗人的,3,愤怒,2,0.6261894,0.016967433,9.162493e-06,0.6261894,0.3568316,6.183421e-08,2.3401963e-06,标签错误,悲伤,中,理想破灭的失落无奈,标签错误
104,愤怒→悲伤,我就纳闷了我每天咋这么忙今天累了一整天这个点了明天没课也不能休息还要值班还要刷厕所我的脸但愿这周顺顺利利的努力不要白费，晚安,3,愤怒,2,0.62531286,0.18604071,0.0017034494,0.62531286,0.18691115,3.3516717e-06,2.8496195e-05,标签错误,焦虑,中,忙碌疲惫担忧，焦虑主导,标签错误
103,愤怒→悲伤,听说幻城要拍激动得要死，满怀期待地等主演，卡索樱空释喜欢得不要不要的，女性最期待的就是一直被抱着的星轨。刚听说徐娇演，瞬间被浇了冷水，一点兴趣没了。表示非常不开心…幻城什么的，与我无关了,3,愤怒,2,0.6240498,0.042616908,1.3664774e-05,0.6240498,0.33331773,3.1455006e-08,1.932964e-06,标签错误,悲伤,中,期待落空失望不开心,标签错误
102,愤怒→悲伤,当你离开我的世界，我也能获得一片安静。,3,愤怒,2,0.6211552,0.36234444,2.168219e-05,0.6211552,0.01644508,8.740273e-07,3.265008e-05,边界模糊,悲伤,低,文本太短，情绪信息不足,边界模糊
101,愤怒→悲伤,"555...我还以为昨晚老总说的是胡话,会忘记今天请我吃饭,啊啊啊啊,为什么他说的是真的,这个电话我真不想接,各种理由各种借口Fi掉~奶奶滴,不是上班时间你还占用我时间,当我是机器啊,困累晕各种的。",3,愤怒,2,0.6195578,0.0013778412,3.651267e-06,0.6195578,0.3790596,1.435542e-08,1.0448553e-06,标签正确,愤怒,中,抱怨被占用时间，愤怒主导,标签正确
99,愤怒→悲伤,常看到对领导拍马屁的人，被拍的领导大多数是很难受，如坐针毡。,3,愤怒,2,0.61803496,0.0056317383,9.404231e-06,0.61803496,0.3763148,3.4401854e-08,9.139282e-06,标签错误,悲伤,中,描述领导难受，非愤怒,标签错误
97,愤怒→悲伤,却收到几个感觉不太妙的消息。,3,愤怒,2,0.61445946,0.055081002,1.1179598e-05,0.61445946,0.32548574,4.120085e-06,0.0049585397,边界模糊,焦虑,低,消息不妙，情绪不明,边界模糊
96,愤怒→悲伤,改革开放农民拼出血路后，生活在被污染的环境里，被强拆，被压迫，有病看不起，却还被逼迫种地养活一群杂种…,3,愤怒,2,0.6141859,0.0012880238,2.2772107e-05,0.6141859,0.3844993,2.5647478e-07,3.6839729e-06,标签正确,愤怒,高,指责压迫，强烈不满,标签正确
93,愤怒→悲伤,如图带血的纸巾。,3,愤怒,2,0.607267,0.041916743,6.943223e-06,0.607267,0.35074317,6.529279e-05,7.726996e-07,边界模糊,悲伤,低,仅描述图片，无情绪,边界模糊
92,愤怒→悲伤,而ios4和wp7等浏览器放大时，光是字体放大，不会自动排版，需要左右移动看，累。,3,愤怒,2,0.6066863,0.0039248597,1.8663555e-05,0.6066863,0.38936773,8.058827e-08,2.3151347e-06,标签错误,悲伤,中,吐槽累，非愤怒,标签错误
91,愤怒→悲伤,不吃早餐的结果就是，吃完午餐肚子疼死,3,愤怒,2,0.6061915,0.0015884504,1.1062563e-05,0.6061915,0.3922074,1.0996201e-07,1.451455e-06,标签错误,悲伤,中,肚子疼难受，非愤怒,标签错误
90,愤怒→悲伤,我竟然。。失眠了。。可是七点要起床啊我是狗带呢还是狗带呢还是狗带呢,3,愤怒,2,0.60510814,0.0025413977,4.270616e-06,0.60510814,0.39234534,8.116595e-08,8.509263e-07,标签错误,焦虑,中,失眠焦虑，非愤怒,标签错误
89,愤怒→悲伤,在当当买书 用网银先把钱给付了 五六天了还没发货…,3,愤怒,2,0.60300833,0.0014735628,2.9660012e-05,0.60300833,0.39548534,1.5711257e-06,1.5049027e-06,标签错误,焦虑,中,未发货担忧，非愤怒,标签错误
85,愤怒→悲伤,北海联通卡，没有收到短信。,3,愤怒,2,0.60040444,0.0036098151,0.00022794257,0.60040444,0.39559615,1.1218758e-05,0.00015047999,边界模糊,悲伤,低,陈述事实，无情绪,边界模糊
83,愤怒→悲伤,一想到就要告别产假去上班，整个人都不好了,3,愤怒,2,0.5989302,0.0013532157,1.2924811e-05,0.5989302,0.39969978,4.4340933e-07,3.434029e-06,标签错误,悲伤,中,上班难受，非愤怒,标签错误
82,愤怒→悲伤,己计较，还为自己说好话。 一时间，他的脸上只觉得正在发烫，发烧不已。刚刚自己还因为她说有老公了，竟#运珧向松#然对她产生了些怨恨。黄勇啊黄勇，你简直就不是人。尤其是之前，如果不是欧阳小姐帮忙求情，自己和兄 #新型冠状病毒肺炎纳入法定传染病# ??,3,愤怒,2,0.59745216,0.0033633711,3.0776655e-06,0.59745216,0.3991772,1.3662385e-08,4.2459146e-06,标签错误,悲伤,中,自责怨恨，内心难受，非对外愤怒,标签错误
81,愤怒→悲伤,还不发工资，已经在看人缘过活了,3,愤怒,2,0.59675914,0.0044919793,1.2067442e-05,0.59675914,0.3987326,1.2576578e-06,2.9636683e-06,标签错误,焦虑,中,欠薪焦虑，靠人缘过活，担忧,标签错误
80,愤怒→悲伤,太长时间没运动准备边看视频边暴走一下然后直接被扣了这么大一个重重的非运动用耳机之后恶狠狠的盯着他的眼神,3,愤怒,2,0.5965108,0.02103489,1.1983695e-05,0.5965108,0.38243872,1.2479182e-07,3.4194625e-06,标签错误,愤怒,中,被扣耳机后恶狠狠盯人，愤怒,边界模糊
79,愤怒→悲伤,最近莫名其妙的人一堆，莫名其妙的事一堆，在这莫名其妙的情况下，我还能正常吗敢不敢忽略我都忽略我好不好MD,3,愤怒,2,0.5964719,0.0016429764,7.507968e-06,0.5964719,0.40187475,8.024064e-07,2.0659459e-06,标签错误,愤怒,中,骂MD，指责莫名其妙的人事,边界模糊
78,愤怒→悲伤,一家子每天晚上都在睡觉只有我还在秉烛夜游拿个手机刷来刷去这日子啥时候熬到头了,3,愤怒,2,0.59627306,0.005483894,2.1423677e-05,0.59627306,0.39821622,9.639652e-08,5.2769583e-06,标签错误,悲伤,中,孤独熬夜，哀叹日子难熬,标签错误
77,愤怒→悲伤,你说你还没讲清楚。你说...你说....你说......好吧。等你说。说好了。我根本不想和你说,3,愤怒,2,0.5947194,0.0029961276,8.969008e-06,0.5947194,0.40227205,8.9401146e-07,2.5802678e-06,标签错误,愤怒,中,赌气拒绝沟通，隐含不满,边界模糊
76,愤怒→悲伤,还是失眠了，仅有的几个小时也睡不着。以前始终好奇同学朋友结婚时的心情，现在自己终于体会到了。,3,愤怒,2,0.5942659,0.0042519383,0.00012025882,0.5942659,0.18250929,6.0533765e-08,0.21885253,标签错误,悲伤,中,失眠，体会结婚心情，失落,标签错误
75,愤怒→悲伤,济南店连续忙两天了，没顾上枣庄店明天纹绣师、医生都去枣庄店帮忙，留我和一个医生在店里,3,愤怒,2,0.59278876,0.0027765527,0.00027190815,0.59278876,0.4041595,4.8706573e-07,2.8076317e-06,边界模糊,焦虑,低,陈述忙碌，情绪信息不足,边界模糊
74,愤怒→悲伤,﻿屋外大雨倾盆，这样的夜晚，失眠了，还肚子饿，F！,3,愤怒,2,0.5922661,0.0025145214,5.251889e-06,0.5922661,0.40520057,1.3220648e-07,1.3460796e-05,标签错误,悲伤,中,失眠饥饿，F叹，无奈难受,标签错误
73,愤怒→悲伤,天天在想跟谁可以借钱，都不能安心看书了，看书效率也低，可能都考不上了，不想考了，出去流浪算了,3,愤怒,2,0.5899939,0.0014142902,5.7234656e-06,0.5899939,0.4085825,3.9061604e-07,3.195983e-06,标签错误,焦虑,高,借钱担忧考不上，焦灼不安,标签错误
72,愤怒→悲伤,。。 。 手游戏精 :学医果然救不了。。。,3,愤怒,2,0.5896388,0.32401732,6.8667e-05,0.5896388,0.08623386,1.8471957e-05,2.292208e-05,边界模糊,悲伤,低,吐槽无奈，情绪信息不足,边界模糊
71,愤怒→悲伤,为什么我觉得我有那么一点点痴呆呢天天吃的烧麦，今早还在路上叨咕烧麦烧麦的..一到店里我竟然忘记它叫什么了..一个劲的这个这个...怎么都想不起来它叫什么,3,愤怒,2,0.5889097,0.07129585,3.830252e-05,0.5889097,0.33975217,3.487587e-07,3.6045546e-06,标签错误,悲伤,中,自嘲健忘，无奈失落,标签错误
70,愤怒→悲伤,一个月比一个月工资少，还有什么动力呆在这地方,3,愤怒,2,0.58878326,0.0027154463,1.6199647e-05,0.58878326,0.40847716,1.04728215e-07,7.832457e-06,标签错误,悲伤,中,工资少，无奈沮丧,标签错误
69,愤怒→悲伤,小抱怨下...,3,愤怒,2,0.5869019,0.012393876,3.737434e-05,0.5869019,0.4006557,1.0942633e-06,9.977859e-06,边界模糊,悲伤,低,文本太短，无具体情绪,边界模糊
68,愤怒→悲伤,被你说得连我自己都觉得我思维方式有问题了😂😂😂真的不要跟性格太主观的人说太多的话我那玻璃心伤不起,3,愤怒,2,0.5847175,0.003113336,9.850879e-06,0.5847175,0.4121575,2.6233934e-07,1.5536386e-06,标签错误,悲伤,中,被说玻璃心，委屈受伤,标签错误
67,愤怒→悲伤,我这个不争气的!每次买股票，股票就大跌！,3,愤怒,2,0.579554,0.009011956,6.0898988e-06,0.579554,0.41142416,4.7042885e-08,3.733624e-06,标签错误,悲伤,中,自责倒霉，沮丧无奈,标签错误
66,愤怒→悲伤,excuseme？？？陵哥哥就这么领盒饭了？这剧情简直风中凌乱,3,愤怒,2,0.5785276,0.11527727,3.581606e-05,0.5785276,0.3061521,4.9590826e-06,2.1569178e-06,标签错误,悲伤,中,剧情意外，无奈凌乱,标签错误
65,愤怒→悲伤,每个看到我的人都说我长胖了，我的内心受到了一万点伤害。。。,3,愤怒,2,0.5784954,0.003665649,4.6580126e-06,0.5784954,0.417833,2.3269658e-07,1.1159437e-06,标签错误,悲伤,中,被说胖，内心受伤,标签错误
64,愤怒→悲伤,学校文明单位复查，昨天晚上花了一个小时整理的宿舍，今天我每次进宿舍，总要不由自主的感叹一声:“我靠，这是我们宿舍吗”,3,愤怒,2,0.5781661,0.0045380606,1.8106259e-05,0.5781661,0.41170937,0.0055615027,6.8051077e-06,标签错误,开心,中,感叹宿舍整洁，惊喜,标签错误
63,愤怒→悲伤,老妈打个电话叨叨我半天为个烫不烫发问我半天意见,3,愤怒,2,0.57408,0.006105812,1.3156387e-05,0.57408,0.41979763,6.3760744e-08,3.3097604e-06,标签错误,焦虑,中,被唠叨，烦躁不安,标签错误
62,愤怒→悲伤,纠结的人啊纠结的内心自己分分钟和自己过不去，要命呀,3,愤怒,2,0.57381654,0.0037220062,9.1515685e-06,0.57381654,0.42243993,4.4608095e-07,1.197867e-05,边界模糊,焦虑,低,纠结烦躁，悲伤焦虑难分,边界模糊
58,愤怒→悲伤,一个下午躺在沙发上，接了5个工作电话，好好的睡眠被分成了6段。,3,愤怒,2,0.56684947,0.0078067556,8.902586e-06,0.56684947,0.42498267,1.4785408e-08,0.00035215702,标签错误,愤怒,中,抱怨被打扰，含不满指责,边界模糊
57,愤怒→悲伤,有时候十分庆幸不是原著粉，甚至不是作者粉，看到那些还在努力洗白的，real尴尬。,3,愤怒,2,0.56620175,0.01527583,2.335662e-05,0.56620175,0.41849872,6.987474e-08,3.283227e-07,标签正确,愤怒,中,对洗白者尴尬不满,标签正确
55,愤怒→悲伤,那一张笑脸那说话时后倾一靠的动作以及无法形容的语气，真让人反胃呀。,3,愤怒,2,0.56344956,0.012234836,2.5730467e-06,0.56344956,0.42431277,7.738547e-09,1.9735093e-07,标签正确,愤怒,高,真让人反胃，强烈厌恶,标签正确
54,愤怒→悲伤,白天得干活，晚上常做梦，累死姐了,3,愤怒,2,0.56118584,0.0011645996,2.2022863e-05,0.56118584,0.43762544,1.1045123e-07,2.0429359e-06,标签错误,悲伤,中,累死姐了，疲惫无奈,标签错误
53,愤怒→悲伤,了不起吗！了不起吗！了不起吗！,3,愤怒,2,0.55828685,0.053071473,1.0330104e-05,0.55828685,0.3886148,3.714056e-06,1.2788522e-05,标签正确,愤怒,中,反问指责，强烈不满,标签正确
52,愤怒→悲伤,妈催我结婚了。我的妈啊。我都想结婚啊。但没人爱，有人爱我都结婚啦。,3,愤怒,2,0.55791676,0.014076537,7.068562e-06,0.55791676,0.42799592,6.981082e-08,3.6703611e-06,标签错误,悲伤,中,没人爱，失落无奈,标签错误
51,愤怒→悲伤,养个孩子不容易，高热惊厥，每次发烧吓的半条命都没有了，感谢爸妈帮我带孩子一起担惊受怕，单亲妈妈没有家庭的庇护难以想象有多艰难。前夫那个渣男不想多说什么，一年半了，从不过问孩子半句，有些人不配做人父母，祝他今后不孕不育，儿孙满堂。唐山·古冶区,3,愤怒,2,0.5571682,0.0006654745,0.4345666,0.5571682,0.004820562,7.975928e-05,0.0026994564,标签正确,愤怒,高,骂前夫渣男，祝其不孕,标签正确
50,愤怒→悲伤,心情糟透了我发现每年的十一月份我都不顺阿不顺啊不顺啊,3,愤怒,2,0.5569883,0.0018118666,4.5482666e-06,0.5569883,0.44119322,4.9494076e-07,1.5552965e-06,标签错误,悲伤,中,心情糟透，不顺哀叹,标签错误
49,愤怒→悲伤,800米体测后，蹲厕所是个错就算了，二郎腿翘不了也算了，可是现在，脚痛得连走路都内八啦！！？,3,愤怒,2,0.55593497,0.0025465556,1.8268097e-06,0.55593497,0.44151568,3.902646e-08,9.310823e-07,标签错误,悲伤,中,脚痛无奈，吐槽难受,标签错误
47,愤怒→悲伤,我就是月子里吃了太多蛋！！！！,3,愤怒,2,0.5549866,0.013448876,1.1985817e-05,0.5549866,0.43154812,1.8170903e-07,4.2251577e-06,边界模糊,愤怒,低,仅陈述吃蛋，无明确情绪,边界模糊
46,愤怒→悲伤,MD，手贱，看了国产剧北上广不相信眼泪，真浪费时间！,3,愤怒,2,0.55368537,0.008608673,9.857634e-06,0.55368537,0.4376945,1.203612e-07,1.5741064e-06,标签正确,愤怒,高,骂手贱、浪费时间，指责抱怨,标签正确
45,愤怒→悲伤,房子终于搬好了，那个累啊！不会再搬了,3,愤怒,2,0.55355155,0.0018718006,1.957179e-05,0.55355155,0.44455332,2.559526e-07,3.4795034e-06,标签错误,悲伤,中,感叹累，无奈疲惫非愤怒,标签错误
44,愤怒→悲伤,我只是想说。。。。。。。。。。这节奏ZTM累人。。。。。,3,愤怒,2,0.55099887,0.002841195,2.8029167e-06,0.55099887,0.44614506,9.510038e-06,2.5986578e-06,标签错误,悲伤,中,吐槽节奏累人，无奈非愤怒,标签错误
43,愤怒→悲伤,糖哦尼啊，我为了抢那件米奇可是七点开始疯狂刷流量啊……结果开抢就秒没…到现在我还没缓过来呢……我的流量都花了五十多大洋啊,3,愤怒,2,0.55093396,0.009047831,5.9266176e-06,0.55093396,0.44000968,1.1012642e-06,1.5192708e-06,标签错误,悲伤,中,抢购失败失落，非愤怒,标签错误
41,愤怒→悲伤,"别跟我说子不教父之过等,先天不足后天即便再努力亦回天无力…",3,愤怒,2,0.5460701,0.015663372,1.5762884e-05,0.5460701,0.43824267,3.4831854e-07,7.750579e-06,标签错误,悲伤,中,感叹先天不足无力，无奈,标签错误
40,愤怒→悲伤,我恨自己的脑袋特别笨，更恨自己的无能为力，如何才能做到让所有人都喜欢，如何才可以离自己的目标近一些。,3,愤怒,2,0.54427904,0.007997299,3.3821018e-06,0.54427904,0.447694,2.9316989e-09,2.6326163e-05,标签错误,悲伤,高,恨自己笨、无能为力，自责悲伤,标签错误
39,愤怒→悲伤,但现在，她距离这个位置还有一步。,3,愤怒,2,0.54397595,0.19983514,4.2755426e-05,0.54397595,0.256113,3.7759876e-06,2.9415907e-05,边界模糊,悲伤,低,陈述距离一步，无情绪,边界模糊
38,愤怒→悲伤,而据悉，此期间，中国大陆有数千万人饿死。,3,愤怒,2,0.5439602,0.0015573257,2.243671e-05,0.5439602,0.45445353,1.3154995e-06,5.192046e-06,边界模糊,悲伤,低,陈述饿死事实，无情绪,边界模糊
37,愤怒→悲伤,不看演唱会就自己走回去，某媒体记者说：活动结束我们的道具利用价值也没了。,3,愤怒,2,0.53999895,0.014614537,3.9237807e-06,0.53999895,0.44538,5.5706185e-08,2.5554232e-06,边界模糊,愤怒,低,转述记者话，情绪不明,边界模糊
36,愤怒→悲伤,当你知道即将失去的时候才会珍惜！,3,愤怒,2,0.5395715,0.3827812,3.7393493e-05,0.5395715,0.0775649,1.4592916e-06,4.3503813e-05,标签错误,悲伤,中,感叹失去才珍惜，偏悲伤无奈,标签错误
35,愤怒→悲伤,讨厌的人也永远让人喜欢不起来。,3,愤怒,2,0.53828657,0.03135461,9.2661085e-06,0.53828657,0.4303361,9.271482e-08,1.3420828e-05,标签正确,愤怒,中,讨厌情绪，含厌恶不满,标签正确
34,愤怒→悲伤,这场比赛看得我胸口现在都是闷起的……,3,愤怒,2,0.53819406,0.015072254,0.00021666414,0.53819406,0.42845553,0.010083053,0.00797849,边界模糊,愤怒,低,胸闷难受，情绪指向不明,边界模糊
31,愤怒→悲伤,﻿我们像傻瓜一样哭着笑着～～原来这才是真相～这才是我执意以为玩笑的真相～～～有犹豫就千万别做事情～别指望别人因你而改变～别浪费眼泪在不值得的人身上～～～即使忍不住～～～,3,愤怒,2,0.5368423,0.42545208,4.176976e-06,0.5368423,0.037670862,6.234136e-08,3.059859e-05,标签错误,悲伤,高,哭泣、浪费眼泪，主导悲伤,标签错误
29,愤怒→悲伤,以后不会再跟别人说太多免得不小心落下话柄被人截图打小报告,3,愤怒,2,0.53376895,0.009226971,2.3023063e-05,0.53376895,0.4569791,3.829337e-07,1.6438368e-06,标签正确,愤怒,中,防备被截图打小报告，含不满,标签正确
28,愤怒→悲伤,早上和晚上真想带墨镜出门，因为汽车的远光灯太刺眼了,3,愤怒,2,0.5305711,0.059468184,5.094733e-06,0.5305711,0.39858142,0.011365958,8.211569e-06,标签错误,悲伤,低,吐槽远光灯刺眼，无愤怒主导,标签错误
26,愤怒→悲伤,越这样越让我对你作呕，憎恨。一辈子不会原谅你，该消失的都消失吧，永远不要再回来。,3,愤怒,2,0.52611727,0.005020792,5.449422e-06,0.52611727,0.4688517,1.0842614e-06,3.6903803e-06,标签正确,愤怒,高,作呕憎恨不原谅，强烈愤怒,标签正确
24,愤怒→悲伤,从此不吃甜的！！啊啊啊啊啊啊啊啊啊啊啊啊,3,愤怒,2,0.52307403,0.018717987,1.1542689e-05,0.52307403,0.45819503,2.0218195e-07,1.2080766e-06,边界模糊,愤怒,低,短句发泄，情绪类型难定,边界模糊
23,愤怒→悲伤,为什么不是和项目三。为什么为什么为什么。,3,愤怒,2,0.52250254,0.002209007,3.2866188e-05,0.52250254,0.47523496,5.748117e-06,1.4875819e-05,标签错误,悲伤,中,反复追问，偏失落无奈,标签错误
20,愤怒→悲伤,我去！落枕了！不能动了！我去！,3,愤怒,2,0.51550156,0.008123455,8.087336e-06,0.51550156,0.47636288,2.5792693e-07,3.7564328e-06,标签错误,悲伤,中,落枕不能动，吐槽无奈非愤怒,标签错误
18,愤怒→悲伤,正常的失恋都还好，我觉得劈腿是最大的伤害。即使他已经不再爱她了，请不要伤害一直相信你的她，你骗得了她，不是你的骗术高明，而是她甘心被骗。每个被劈腿的人，你现在看到的她的坚强和不在乎，那内心的苦那种痛不欲生的滋味，都是无数个黑夜中一秒一秒数着煎熬过来的。,3,愤怒,2,0.5152748,0.033514943,2.2151085e-05,0.5152748,0.45112023,3.249552e-07,6.7543624e-05,标签错误,悲伤,高,通篇描述被劈腿的内心痛苦煎熬，主导悲伤,标签错误
17,愤怒→悲伤,Ss能够生存就有恃无恐:你见过得肺炎的柚子吗？？？ tease009:水果怎么办？,3,愤怒,2,0.51316875,0.018002473,3.1095107e-05,0.51316875,0.4684354,0.00025290286,0.000109405206,边界模糊,愤怒,低,文本为对话片段，情绪信息不足难判定,边界模糊
16,愤怒→悲伤,很耗体力的好哇！,3,愤怒,2,0.51054806,0.07281872,1.8953162e-05,0.51054806,0.4166099,8.812635e-08,4.2845404e-06,边界模糊,愤怒,低,仅陈述耗体力，无明显情绪信息,边界模糊
15,愤怒→悲伤,这么积极去驾校鞋子都不刷跑出去了谁知道今天驾照空无一人,3,愤怒,2,0.5079057,0.0040829373,1.3504753e-05,0.5079057,0.48799556,8.5627455e-08,2.1499175e-06,边界模糊,愤怒,低,陈述驾校空无一人，情绪不明,边界模糊
13,愤怒→悲伤,绩效又压了一半，打乱我所有计划，我不高兴,3,愤怒,2,0.50650847,0.0031644297,9.377196e-06,0.50650847,0.49030772,3.9016523e-08,9.971364e-06,标签正确,愤怒,中,绩效被压打乱计划，不满指向外部,标签正确
12,愤怒→悲伤,不觉得一举一动都有眼睛在看有耳朵在听是一件颇有压力的事情么？,3,愤怒,2,0.5017354,0.18368796,8.5169086e-05,0.5017354,0.31036332,2.4423412e-06,0.0041257534,标签错误,焦虑,中,被监视感带来压力不安，偏焦虑,标签错误
10,愤怒→悲伤,不要跟我感慨，更不要刺激我的神经，该结束的都结束了，从一开始就注定了结局是悲惨的，且行且珍惜吧！还能怎样？,3,愤怒,2,0.45869005,0.3310307,2.438218e-05,0.45869005,0.19406277,0.015508157,0.000683926,标签错误,悲伤,中,结局悲惨无奈哀叹，主导悲伤,标签错误
8,愤怒→悲伤,希望今晚不要再梦到如此恐怖的梦了，我真的要崩溃的…,3,愤怒,2,0.42666715,0.0127805285,5.8266498e-05,0.42666715,0.27362248,2.1988654e-07,0.28687137,标签错误,恐惧,中,怕做恐怖梦要崩溃，主导恐惧,标签错误
7,愤怒→悲伤,两人在一起的样子，怎么感觉有点三八 = = 换句话说，很家常，很闺蜜？,3,愤怒,2,0.4083093,0.3739639,5.9837002e-06,0.4083093,0.21771622,3.3239044e-06,1.285527e-06,边界模糊,愤怒,低,调侃两人像闺蜜，无明显情绪,边界模糊
5,愤怒→悲伤,我好想睡啊怎么这么精神我还想明天早起呢。。,3,愤怒,2,0.39120707,0.29701102,5.2563097e-05,0.39120707,0.31127155,1.3481584e-06,0.00045643552,标签错误,焦虑,中,想睡却精神又盼早起，焦灼不安,标签错误
4,愤怒→悲伤,我的心是有多宽广让你在上边策马奔腾,3,愤怒,2,0.38528338,0.2776886,3.684402e-05,0.38528338,0.3369565,4.428331e-06,3.0216299e-05,标签错误,悲伤,中,自嘲心宽被践踏，无奈失落非愤怒,标签错误
3,愤怒→悲伤,睡不着对于我来说是件特别痛苦特别痛苦的事,3,愤怒,2,0.37886414,0.005899488,0.00057386357,0.37886414,0.27992424,1.7232864e-07,0.33473814,标签错误,悲伤,高,失眠痛苦，主导为难受悲伤,标签错误
2,愤怒→悲伤,你知道这里有多热吗？已经11月了,3,愤怒,2,0.37704292,0.059266888,0.00015682232,0.37704292,0.30013454,0.26338226,1.6618224e-05,边界模糊,焦虑,低,仅陈述天气反常，情绪信息不足,边界模糊
1,愤怒→悲伤,精疲力尽......,3,愤怒,2,0.3638035,0.30197057,0.00024555693,0.3638035,0.3337657,5.642815e-06,0.00020906373,边界模糊,悲伤,低,文本过短，疲惫情绪难定类,边界模糊
